phrase,source_en,translation
"Admin panel","Admin panel","Панель администратора"
"Bulk Import","Bulk Import","Массовый импорт"
Dashboard,Dashboard,Главная
"Flush cache","Flush cache","Очистить кэш"
Localization,Localization,Локализация
No,No,Нет
"Run garbage collector","Run garbage collector","Запустить сборщика мусора"
"Run widget checker","Run widget checker","Запустить проверку виджетов"
"Sitemap generation","Sitemap generation","Генерация карты сайта"
"There are {NumOfScam} complaints of fraud. {Click here} to take an action.","There are {NumOfScam} complaints of fraud. {Click here} to take an action.","Появилось {NumOfScam} жалоб(-ы) на мошенничество. {Click here} чтобы предпринять соответствующие действия."
Tools,Tools,Инструменты
"We have {NumOfMissingTrans} missing translations. {Click here} to find out more.","We have {NumOfMissingTrans} missing translations. {Click here} to find out more.","Было найдено {NumOfMissingTrans} недостающих перевода. {Click here} чтобы узнать больше."
"Welcome back, {Username}","Welcome back, {Username}","Добро пожаловать, {Username}"
Yes,Yes,Да
"You are using administration rights over {Username}","You are using administration rights over {Username}","Вы управляете данными пользователя {Username}"
