phrase,source_en,translation
"Ascending order","Ascending order","По возрастанию"
Category,Category,Категория
"Category has been created","Category has been created","Категория была создана"
"Category Translation","Category Translation","Перевести категорию"
"Create Category","Create Category","Создать категорию"
"Create translation","Create translation","Создать перевод"
"Descending order","Descending order","По убыванию"
"Edit category","Edit category","Редактировать категорию"
"Is sold since","On sale since","В продаже с"
"Manage Categories","Manage Categories","Управление категориями"
"Selling date","Selling date","Дата начала продаж"
Slug,Slug,"URL линк"
"Sort by","Sort by",Сортировать
"Translation for this language already exists. {Update translation}","Translation for this language already exists. {Update translation}","Перевод для этого языка уже существует. {Update translation}"
"Translation has been created","Translation has been created","Перевод был создан"
"Translation has been deleted","Translation has been deleted","Перевод был удален"
"Translation has been updated","Translation has been updated","Перевод был обнавлен"
"Update translation","Update translation","Обновить перевод"
"Websites in the category {Category}. Page {PageNr}","Websites in the category {Category}. Page {PageNr}","Веб сайты в категории {Category}. Страница {PageNr}"
"Websites on sale. Page {PageNr}","Websites on sale. Page {PageNr}","Продающиеся веб сайты. Страница {PageNr}"
