phrase,source_en,translation
Body,Body,"Тело письма"
"Contact page description","We are ready to assist you with any questions or problems you may have. Please fill out following form to contact us by e-mail.","Мы готовы помочь Вам с любыми вопросами или проблемами с которыми вы столкнулись. Пожалуйста, заполните следующую форму, чтобы связаться с нами по электронной почте."
"Contact page keywords","{Portal} contact form, contact {Portal}","{Portal} контактная форма, контакты {Portal}"
"Contact us","Contact us",Контакты
Email,Email,Email
Name,Name,Имя
Subject,Subject,Тема
