phrase,source_en,translation
"Calculation Error Code 102","Couldn't grab html from website","Не получилось скачать HTML с веб-сайта"
"Calculation Error Code 103","Website contains badwords","Веб-сайт содержит запрещенные слова"
"Calculation Error Code 201","Error while inserting data","Произошла ошибка во время вставки данных"
"Calculation Error Code 202","Error while updating data","Произошла ошибка во время обновления данных"
"Sitemap error code 101","Make sure ""sitemap"" directory and ""sitemap.xml"" file has writable permissions","Убедитесь что директория ""sitemap"" и файл ""sitemap.xml"" доступны для записи"
