phrase,source_en,translation
"Any category","Any category","Любая категория"
"Any language","Any language","Любой язык"
"Can't close temporary file","Can't close temporary file","Не могу закрыть временный файл"
"Can't create temporary file","Can't create temporary file","Не могу создать временный файл"
"Category name","Category name","Имя категории"
"Choose any category","Choose any category","Выберите любую категорию"
"Choose any language","Choose any language","Выберите любой язык"
"Couldn't open zip archive","Couldn't open zip archive","Не могу открыть ZIP архив"
"Create Language","Create Language","Создать язык"
"Create new Language","Create new Language","Создать новый язык"
"Create new phrase","Create new phrase","Создать новую фразу"
"Create phrase","Create phrase","Создать фразу"
"Created at","Created at",Создан
"Default language can't be deleted","Default language can't be deleted","Язык, выбранный по умолчанию, не может быть удален"
"Default language can't be disabled","Default language can't be disabled","Язык, выбранный по умолчанию, не может быть отключен"
"Default language must be specified","Default language must be specified","Язык по умолчанию должен быть определен"
"Do not copy translations","Do not copy translations","Не копировать переводы"
"Edit {Language} language","Edit {Language} language","Редактировать {Language} язык"
"Edit phrase","Edit phrase","Редактировать фразу"
"Existing translations","Existing translations","Существующие переводы"
Export,Export,Экспортировать
"Export Translation","Export Translation","Экспортировать перевод"
"Find phrase/translation","Find a phrase/translation","Найти фразу/перевод"
"Forced import","Forced import","Принудительное импортирование"
"Ignoring file {File} because it's not a csv file","Ignoring file {File} because it's not a csv file","Игнорирую файл {File}, потому что это не csv"
Import,Import,Импотировать
"Import Translation","Import Translation","Импотировать перевод"
"Incorrect Language ID format","Incorrect Language ID format","Неверно задан идентификатор языка"
"Invalid category name","Invalid category name","Неверно задано имя категории"
"Invalid format of {Row} row in {Category} category","Invalid format of {Row} row in {Category} category","Неверный формат строки {Row} в категории {Category}"
"Is Default","Is Default","По умолчанию"
"Is Enabled","Is Enabled",Включен
Language,Language,Язык
"Language ID","Language ID","Идентификатор языка"
"Make copy","Make copy","Сделать копию"
"Manage existing languages","Manage Languages","Управление языками"
"Manage Translations","Manage Translations","Управление переводами"
"Manage translations in {Category} category","Manage translations in {Category} category","Управление переводами в {Category} категории"
"Missing translation for {Language}","Missing translation for {Language}","Ненайден перевод для {Language}"
"Missing translations","Missing translations","Ненайденные переводы"
"New category","New category","Новая категория"
"New language {Language} has been created","New language {Language} has been created","Был создан новый язык {Language}"
"New phrase has been created","New phrase has been created","Была создана новая фраза"
Phrase,Phrase,Фраза
"Phrase has been translated","Phrase has been translated","Фраза была переведена"
"Please choose language you want to export","Please choose language you want to export","Выберите язык который хотите экспортировать"
Search,Search,Поиск
"The category {Category} has already been taken","The category {Category} has already been taken","Категория с именем {Category} уже существует"
"The language {Language} doesn't exists in the system","The language {Language} doesn't exists in the system","Язык {Language} не существует в системе"
"The language doesn't exists","The language doesn't exists","Язык не существует"
"The language must contain at least one category","The language must contain at least one category","Язык должен содержать хотя бы одну категорию"
"The phrase with ID {ID} doesn't exists","The phrase with ID {ID} doesn't exists","Фраза с идентификатором {ID} не существует"
"This means that if there is a phrase translation it will be replaced","This means that if there is a phrase translation it will be replaced","Означает что если фраза уже переведена для данного языка то она будет заменена, а не проигнорирована"
"This phrase already exists in {Category} category","This phrase already exists in {Category} category","Эта фраза уже существует в категории {Category}"
"Translate phrase","Translate phrase","Перевести фразу"
Translation,Translation,Перевод
"Translations for {Language} language have been imported","Translations for {Language} language have been imported","Перевод языка {Language} был импортирован"
"Unable to create stream from {File} file","Unable to create stream from {File} file","Не возможно создать потом файла {File}"
"You are able upload only ZIP file","You are able upload only ZIP file","Во можете загружать только ZIP файлы"
"You need to install ZipArchive package","You need to install ZipArchive package","Вам нужно установить ZipArchive пакет"
"Zip file (translations)","Zip file (translations)","Zip file (translations)"
