phrase,source_en,translation
"{Brandname} administration","{Brandname} administration","Администрация {Brandname}"
"Dear {Name}","Dear {Name}","Здравствуйте {Name}"
"Forgot password?","Forgot password?","Забыли пароль?"
"Please, do not reply to this message","Please, do not reply to this message","Пожалуйста, не отвечайте на это сообщение"
Regards,Regards,"С уважением"
"Thank you for registration","Thank you for registration","Спасибо за регистрацию"
"Thank you for registration at {BranUrl}. Click here: {VerifyUrl}","Thank your for your registration at {BranUrl}. To activate your account please follow this link: {VerifyUrl}","Благодарим Вас за регистрацию на {BranUrl}. Чтобы активировать свой аккаунт перейдите по ссылке: {VerifyUrl}"
"To reset password open following link: {RecoveryLink} and enter new password.","To reset password open following link: {RecoveryLink} and enter new password.","Для сброса пароля перейдите по ссылке: {RecoveryLink} и введите новый пароль."
"We've received a request from you to reset a password. If you didn't do it, then just ignore this message.","We've received a request from you to reset a password. If you didn't do it, then just ignore this message.","Мы получили запрос от Вас, по поводу сброса пароля. Если Вы этого не делали, то просто проигнорируйте это сообщение."
"You got new message!","You got new message!","Вы получили новое сообщение!"
"You've received new message from {Name}. Open following link to see a message: {messageLink}","You've received new message from {Name}. Open following link to see a message: {messageLink}","Вы получили новое сообщение от {Name}. Пройдите по ссылке чтобы увидеть сообщение: {messageLink}"
