phrase,source_en,translation
"{BrandName} | Atom feed","{BrandName} | Atom feed","{BrandName} | Atom feed"
"{BrandName} | RSS feed","{BrandName} | RSS feed","{BrandName} | RSS feed"
"{NumberOfMsg} Messages","{NumberOfMsg} Messages","{NumberOfMsg} сообщение(-ий)"
"Added at","Added at",Добавлен
All,All,Все
"Are you sure you want to delete this item?","Are you sure you want to delete this item?","Вы уверены, что хотите удалить этот элемент?"
Atom,Atom,Atom
"Buy Websites","Buy Websites","Купить веб-сайты"
"Click here","Click here","Нажмите сюда"
Create,Create,Создать
Delete,Delete,Удалить
"Developed by {Developer}","Developed by {Developer}","Разработал {Developer}"
"Displaying {start}-{end} of {count} results.","Displaying {start}-{end} of {count} results.","Показано {start}-{end} из {count} результатов."
Edit,Edit,Редактировать
"Hello, {Username}","Hello, {Username}","Привет, {Username}"
Home,Home,Главная
ID,ID,ID
Inbox,Inbox,Входящие
Language,Language,Язык
Logout,Logout,Выход
"Not on sale","Not on sale","Не продается"
"Nothing found","Nothing found","Ничего не найдено"
"On sale","On sale",Продается
Optional,Optional,"Не обязателньо"
OR,OR,ИЛИ
page_privacy_link,"Privacy Policy","Политика конфиденциальности"
page_terms_link,"Terms and Conditions","Условия использования"
"Please choose category","Please choose category","Пожалуйста выберите категорию"
"Remove all records","Remove all records","Удалить все записи"
RSS,RSS,RSS
"See all messages","See all messages","Все сообщения"
"Sell Websites","Sell Websites","Продать веб-сайты"
Settings,Settings,Настройки
"Sign in","Sign in",Войти
Submit,Submit,Отправить
"Toggle navigation","Toggle navigation","Переключить навигацию"
Top,Top,Лучшие
Upcoming,Upcoming,Новые
Update,Update,Обновить
"Verification code","Verification code","Проверочный код"
View,View,Просмотр
