phrase,source_en,translation
"Action ""{action}"" does not exist in ""{controller}"".","Action ""{action}"" does not exist in ""{controller}"".","""{action}"" действие не найдено в контроллере  ""{controller}""."
"All records have been removed","All records have been removed","Все записи были удалены"
"An error has occurred while trying to confirm your email. Please try again later.","An error has occurred while trying to confirm your email. Please try again later.","Произошла ошибка при попытке подтвердить адрес электронной почты. Пожалуйста, повторите попытку позже."
"An error occurred while sending email","An error occurred while sending email","Произошла ошибка при отправке электронной почты"
"An internal error occurred. Please try again later","An internal error occurred. Please try again later","Произошла внутренняя ошибка. Пожалуйста, повторите попытку позже"
Attention!,Attention!,Внимание!
"Email has been sent","Email has been sent","Эл. сообщение было отправлено"
"Please, use mail client which support HTML markup","Please, use mail client which support HTML markup","Пожалуйста, используйте почтовый клиент, который поддерживает HTML-разметку"
"Record has been deleted","Record has been deleted","Запись была удалена"
"Record has been successfully modified","Record has been successfully modified","Запись была успешно изменина"
"Server temporarily unavailable. Please, try to register a little bit later","Server temporarily unavailable. Please, try to register a little bit later","Сервер временно недоступен. Пожалуйста, попробуйте зарегистрироваться немного позже"
"Server temporarily unavailable. Try again later.","Server temporarily unavailable. Try again later.","Сервер временно недоступен. Повторите попытку позже."
"The page you are looking for doesn't exists","The page you are looking for doesn't exist","Страница, которую вы ищете, не существует"
"The token is expired or does not valid. Please, try to register new account","The token is expired or does not valid. Please, try to register new account","Токен истек или не действует. Пожалуйста, попробуйте зарегистрировать новую учетную запись"
"Unable to find user in database","Unable to find user in database","Невозможно найти пользователя в базе данных"
"We've sent you email with instructions. Please check your inbox","We've sent you email with instructions. Please check your inbox","Мы отправили вам письмо с инструкциями по электронной почте. Пожалуйста, проверьте свой почтовый ящик"
