phrase,source_en,translation
page_privacy_meta_description,"At {app_name}, one of our main priorities is the privacy of our visitors. This Privacy Policy document contains types of information that is collected and recorded by {app_name} and how we use it.","В {app_name} одним из наших главных приоритетов является конфиденциальность наших посетителей. Этот документ о Политике конфиденциальности содержит типы информации, которую собирает и записывает {app_name}, а также способы ее использования."
page_privacy_meta_keywords,"privacy policy","политика конфиденциальности"
page_privacy_meta_title,"Privacy Policy","Политика конфиденциальности"
page_privacy_text,"<p>At {app_name}, one of our main priorities is the privacy of our visitors. This Privacy Policy document contains types of information that is collected and recorded by {app_name} and how we use it.</p>
<p>This privacy policy applies only to our online activities and is valid for visitors to our website with regards to the information that they shared and/or collect in {app_name}. This policy is not applicable to any information collected offline or via channels other than this website.</p>
<h2>Consent</h2>
<p>By using our website, you hereby consent to our Privacy Policy and agree to its terms.</p>
<h2>Information we collect</h2>
<p>The personal information that you are asked to provide is required to provide you with the service, and it is securely stored or, in the case of the contact form is not stored at all.</p>
<h2>How we use your information</h2>
<p>We use the information we collect in various ways, including to:</p>
<ul>
<li>Provide, operate, and maintain our website</li>
<li>Improve, personalize, and expand our website</li>
<li>Understand and analyze how you use our website</li>
<li>Develop new products, services, features, and functionality</li>
<li>Communicate with you, either directly or through one of our partners, including for customer service, to provide you with updates and other information relating to the website, and for marketing and promotional purposes</li>
<li>Find and prevent fraud</li>
</ul>
<h2>Log Files</h2>
<p>{app_name} follows a standard procedure of using log files. These files log visitors when they visit websites. All hosting companies do this and a part of hosting services' analytics. The information collected by log files include internet protocol (IP) addresses, browser type, Internet Service Provider (ISP), date and time stamp, referring/exit pages, and possibly the number of clicks. These are not linked to any information that is personally identifiable. The purpose of the information is for analyzing trends, administering the site, tracking users' movement on the website, and gathering demographic information.</p>
<h2>Cookies and Web Beacons</h2>
<p>Like any other website, {app_name} uses ‘cookies'. These cookies are used to store information including visitors' preferences, and the pages on the website that the visitor accessed or visited. The information is used to optimize the users' experience by customizing our web page content based on visitors' browser type and/or other information.</p>
<h2>DoubleClick DART Cookie</h2>
<p>Google is one of a third-party vendor on our site. It also uses cookies, known as DART cookies, to serve ads to our site visitors based upon their visit to www.website.com and other sites on the internet. However, visitors may choose to decline the use of DART cookies by visiting the Google ad and content network Privacy Policy at the following URL – <a href='https://policies.google.com/technologies/ads' target='_blank'>https://policies.google.com/technologies/ads</a>.</p>
<p>Some of advertisers on our site may use cookies and web beacons. Our advertising partners are listed below. Each of our advertising partners has their own Privacy Policy for their policies on user data. For easier access, we hyperlinked to their Privacy Policies below.</p>
<ul><li><a href='https://policies.google.com/technologies/ads' target='_blank'>Google</a></li></ul>
<h2>Advertising Partners Privacy Policies</h2>
<p>Third-party ad servers or ad networks uses technologies like cookies, JavaScript, or Web Beacons that are used in their respective advertisements and links that appear on {app_name}, which are sent directly to users' browser. They automatically receive your IP address when this occurs. These technologies are used to measure the effectiveness of their advertising campaigns and/or to personalize the advertising content that you see on websites that you visit.</p>
<p>Note that {app_name} has no access to or control over these cookies that are used by third-party advertisers.</p>
<h2>Third-Party Privacy Policies</h2>
<p>{app_name} Privacy Policy does not apply to other advertisers or websites. Thus, we are advising you to consult the respective Privacy Policies of these third-party ad servers for more detailed information.</p>
<p>You can choose to disable cookies through your individual browser options. To know more detailed information about cookie management with specific web browsers, it can be found at the browsers' respective websites. What Are Cookies?</p>
<h2>CCPA Privacy Policy (Do Not Sell My Personal Information)</h2>
<p>Under the CCPA, among other rights, California consumers have the right to:</p>
<ul>
<li>Request that a business that collects a consumer's personal data disclose the categories and specific pieces of personal data that a business has collected about consumers.</li>
<li>Request that a business delete any personal data about the consumer that a business has collected.</li>
<li>Request that a business that sells a consumer's personal data, not sell the consumer's personal data.</li>
<li>If you make a request, we have one month to respond to you. If you would like to exercise any of these rights, please contact us.</li>
</ul>
<h2>GDPR Privacy Policy (Data Protection Rights)</h2>
<p>We would like to make sure you are fully aware of all of your data protection rights. Every user is entitled to the following:</p>
<ul>
<li>The right to access – You have the right to request copies of your personal data. We may charge you a small fee for this service.</li>
<li>The right to rectification – You have the right to request that we correct any information you believe is inaccurate. You also have the right to request that we complete the information you believe is incomplete.</li>
<li>The right to erasure – You have the right to request that we erase your personal data, under certain conditions.</li>
<li>The right to restrict processing – You have the right to request that we restrict the processing of your personal data, under certain conditions.</li>
<li>The right to object to processing – You have the right to object to our processing of your personal data, under certain conditions.</li>
<li>The right to data portability – You have the right to request that we transfer the data that we have collected to another organization, or directly to you, under certain conditions.</li>
<li>If you make a request, we have one month to respond to you. If you would like to exercise any of these rights, please contact us.</li>
</ul>
<h2>Children's Information</h2>
<p>Another part of our priority is adding protection for children while using the internet. We encourage parents and guardians to observe, participate in, and/or monitor and guide their online activity.</p>
<p>{app_name} does not knowingly collect any Personal Identifiable Information from children under the age of 13. If you think that your child provided this kind of information on our website, we strongly encourage you to contact us immediately and we will do our best efforts to promptly remove such information from our records.</p>","<p>В {app_name} одним из наших главных приоритетов является конфиденциальность наших посетителей. Этот документ о Политике конфиденциальности содержит типы информации, которую собирает и записывает {app_name}, а также способы ее использования.</p>
<p>Эта политика конфиденциальности применяется только к нашей онлайн-деятельности и действительна для посетителей нашего веб-сайта в отношении информации, которой они поделились и/или собрали в {app_name}. Эта политика не применима к какой-либо информации, собранной офлайн или по каналам, отличным от этого веб-сайта.</p>
<h2>Согласие</h2>
<p>Используя наш веб-сайт, вы тем самым соглашаетесь с нашей Политикой конфиденциальности и соглашаетесь с ее условиями.</p>
<h2>Информация, которую мы собираем</h2>
<p>Личная информация, которую вас просят предоставить, необходима для предоставления вам услуги, и она надежно хранится или, в случае контактной формы, не сохраняется вообще.</p>
<h2>Как мы используем вашу информацию</h2>
<p>Мы используем информацию, которую собираем, различными способами, в том числе для:</p>
<ul>
<li>Предоставление, управление и обслуживание нашего веб-сайта.</li>
<li>Улучшайте, персонализируйте и расширяйте наш веб-сайт.</li>
<li>Понять и проанализировать, как вы используете наш веб-сайт.</li>
<li>Разработка новых продуктов, услуг, функций и возможностей.</li>
<li>Общаться с вами напрямую или через одного из наших партнеров, в том числе для обслуживания клиентов, чтобы предоставлять вам обновления и другую информацию, касающуюся веб-сайта, а также в маркетинговых и рекламных целях.</li>
<li>Выявите и предотвратите мошенничество.</li>
</ul>
<h2>Файлы журналов</h2>
<p>{app_name} следует стандартной процедуре использования файлов журналов. Эти файлы регистрируют посетителей, когда они посещают веб-сайты. Этим занимаются все хостинговые компании и часть аналитики хостинг-услуг. Информация, собираемая файлами журналов, включает адреса интернет-протокола (IP), тип браузера, поставщика интернет-услуг (ISP), отметку даты и времени, страницы перехода/выхода и, возможно, количество кликов. Они не связаны с какой-либо информацией, позволяющей идентифицировать личность. Целью этой информации является анализ тенденций, администрирование сайта, отслеживание перемещений пользователей по сайту и сбор демографической информации.</p>
<h2>Файлы cookie и веб-маяки</h2>
<p>Как и любой другой веб-сайт, {app_name} использует файлы cookie. Эти файлы cookie используются для хранения информации, включая предпочтения посетителей, а также страницы веб-сайта, к которым посетитель обращался или посещал. Эта информация используется для оптимизации работы пользователей путем настройки содержимого нашей веб-страницы на основе типа браузера посетителей и/или другой информации.</p>
<h2>Файл cookie DoubleClick DART</h2>
<p>Google является одним из сторонних поставщиков нашего сайта. Он также использует файлы cookie, известные как файлы cookie DART, для показа рекламы посетителям нашего сайта на основе их посещения www.website.com и других сайтов в Интернете. Однако посетители могут отказаться от использования файлов cookie DART, посетив Политику конфиденциальности рекламы и сети контекстной рекламы Google по следующему URL-адресу: <a href='https://policies.google.com/technologies/ads' target='_blank '>https://policies.google.com/technologies/ads</a>.</p>
<p>Некоторые рекламодатели на нашем сайте могут использовать файлы cookie и веб-маяки. Наши рекламные партнеры перечислены ниже. Каждый из наших рекламных партнеров имеет собственную Политику конфиденциальности в отношении пользовательских данных. Для облегчения доступа мы предоставили гиперссылку на их Политику конфиденциальности ниже.</p>
<ul><li><a href='https://policies.google.com/technologies/ads' target='_blank'>Google</a></li></ul>
<h2>Политика конфиденциальности рекламных партнеров</h2>
<p>Сторонние рекламные серверы или рекламные сети используют такие технологии, как файлы cookie, JavaScript или веб-маяки, которые используются в их соответствующих рекламных объявлениях и ссылках, которые появляются в {app_name} и отправляются непосредственно в браузер пользователей. Когда это происходит, они автоматически получают ваш IP-адрес. Эти технологии используются для измерения эффективности рекламных кампаний и/или для персонализации рекламного контента, который вы видите на посещаемых вами веб-сайтах.</p>
<p>Обратите внимание, что {app_name} не имеет доступа и контроля над этими файлами cookie, которые используются сторонними рекламодателями.</p>
<h2>Политика конфиденциальности третьих лиц</h2>
<p>Политика конфиденциальности {app_name} не распространяется на других рекламодателей или веб-сайты. Поэтому мы советуем вам ознакомиться с соответствующей Политикой конфиденциальности этих сторонних рекламных серверов для получения более подробной информации.</p>
<p>Вы можете отключить файлы cookie в индивидуальных настройках браузера. Более подробную информацию об управлении файлами cookie в конкретных веб-браузерах можно найти на веб-сайтах соответствующих браузеров. Что такое файлы cookie?</p>
<h2>Политика конфиденциальности CCPA (не продавать мою личную информацию)</h2>
<p>В соответствии с CCPA, помимо других прав, потребители Калифорнии имеют право:</p>
<ul>
<li>Попросить компанию, собирающую персональные данные потребителей, раскрыть категории и конкретные фрагменты персональных данных, которые компания собрала о потребителях.</li>
<li>Попросить компанию удалить все собранные компанией персональные данные о потребителе.</li>
<li>Попросить компанию, продающую персональные данные потребителей, не продавать персональные данные потребителей.</li>
<li>Если вы сделаете запрос, у нас есть один месяц, чтобы ответить вам. Если вы хотите воспользоваться каким-либо из этих прав, свяжитесь с нами.</li>
</ul>
<h2>Политика конфиденциальности GDPR (права на защиту данных)</h2>
<p>Мы хотели бы убедиться, что вы полностью осведомлены обо всех своих правах на защиту данных. Каждый пользователь имеет право на следующее:</p>
<ul>
<li>Право на доступ. Вы имеете право запросить копии ваших личных данных. Мы можем взимать с вас небольшую плату за эту услугу.</li>
<li>Право на исправление. Вы имеете право потребовать, чтобы мы исправили любую информацию, которая, по вашему мнению, является неточной. Вы также имеете право потребовать, чтобы мы дополнили информацию, которую вы считаете неполной.</li>
<li>Право на удаление. Вы имеете право потребовать, чтобы мы удалили ваши персональные данные при определенных условиях.</li>
<li>Право на ограничение обработки. Вы имеете право потребовать, чтобы мы ограничили обработку ваших личных данных при определенных условиях.</li>
<li>Право на возражение против обработки. Вы имеете право возражать против обработки нами ваших персональных данных при определенных условиях.</li>
<li>Право на переносимость данных. Вы имеете право потребовать, чтобы мы передали собранные нами данные другой организации или непосредственно вам при определенных условиях.</li>
<li>Если вы сделаете запрос, у нас есть один месяц, чтобы ответить вам. Если вы хотите воспользоваться каким-либо из этих прав, свяжитесь с нами.</li>
</ul>
<h2>Информация для детей</h2>
<p>Другой частью нашего приоритета является обеспечение защиты детей при использовании Интернета. Мы призываем родителей и опекунов наблюдать, участвовать и/или контролировать и направлять их действия в Интернете.</p>
<p>{app_name} сознательно не собирает какую-либо личную информацию от детей в возрасте до 13 лет. Если вы считаете, что ваш ребенок предоставил такого рода информацию на нашем веб-сайте, мы настоятельно рекомендуем вам немедленно связаться с нами, и мы сделаем все возможное. приложим все усилия, чтобы как можно скорее удалить такую информацию из наших записей.</p>"
page_privacy_title,"Privacy Policy","Политика конфиденциальности"
