phrase,source_en,translation
page_terms_meta_description,"These terms and conditions outline the rules and regulations for the use of {app_name}.","В условиях использования изложены правила и положения использования {app_name}."
page_terms_meta_keywords,"terms and conditions","условия использования"
page_terms_meta_title,"Terms and Conditions","Условия использования"
page_terms_text,"<p>These terms and conditions outline the rules and regulations for the use of {app_name}.</p>
<p>By accessing this website we assume you accept these terms and conditions. Do not continue to use {app_name} if you do not agree to take all of the terms and conditions stated on this page.</p>
<p>The following terminology applies to these Terms and Conditions, Privacy Statement and Disclaimer Notice and all Agreements: “Client”, “You” and “Your” refers to you, the person log on this website and compliant to the Company's terms and conditions. “The Company”, “Ourselves”, “We”, “Our” and “Us”, refers to our Company. “Party”, “Parties”, or “Us”, refers to both the Client and ourselves. All terms refer to the offer, acceptance and consideration of payment necessary to undertake the process of our assistance to the Client in the most appropriate manner for the express purpose of meeting the Client's needs in respect of provision of the Company's stated services, in accordance with and subject to, prevailing law of Netherlands. Any use of the above terminology or other words in the singular, plural, capitalization and/or he/she or they, are taken as interchangeable and therefore as referring to same.</p>
<h2>Cookies</h2>
<p>We employ the use of cookies. By accessing {app_name}, you agreed to use cookies in agreement with the <a href='{privacy_url}'>Privacy Policy</a>.</p>
<p>Most interactive websites use cookies to let us retrieve the user's details for each visit. Cookies are used by our website to enable the functionality of certain areas to make it easier for people visiting our website. Some of our affiliate/advertising partners may also use cookies.</p>
<h2>License</h2>
<p>You must not:</p>
<ul>
<li>Republish material from {app_name}</li>
<li>Sell, rent or sub-license material from {app_name}</li>
<li>Reproduce, duplicate or copy material from {app_name}</li>
<li>Redistribute content from {app_name}</li>
</ul>
<p>This Agreement shall begin on the date hereof.</p>
<h2>iFrames</h2>
<p>Without prior approval and written permission, you may not create frames around our Webpages that alter in any way the visual presentation or appearance of our Website.</p>
<h2>Content Liability</h2>
<p>We shall not be hold responsible for any content that appears on your Website. You agree to protect and defend us against all claims that is rising on your Website. No link(s) should appear on any Website that may be interpreted as libelous, obscene or criminal, or which infringes, otherwise violates, or advocates the infringement or other violation of, any third party rights.</p>
<h2>Reservation of Rights</h2>
<p>We reserve the right to request that you remove all links or any particular link to our Website. You approve to immediately remove all links to our Website upon request. We also reserve the right to amen these terms and conditions and it's linking policy at any time. By continuously linking to our Website, you agree to be bound to and follow these linking terms and conditions.</p>
<h2>Removal of links from our website</h2>
<p>If you find any link on our Website that is offensive for any reason, you are free to contact and inform us any moment. We will consider requests to remove links but we are not obligated to or so or to respond to you directly.</p>
<p>We do not ensure that the information on this website is correct, we do not warrant its completeness or accuracy; nor do we promise to ensure that the website remains available or that the material on the website is kept up to date.</p>
<h2>Disclaimer</h2>
<p>To the maximum extent permitted by applicable law, we exclude all representations, warranties and conditions relating to our website and the use of this website. Nothing in this disclaimer will:</p>
<ul>
<li>limit or exclude our or your liability for death or personal injury;</li>
<li>limit or exclude our or your liability for fraud or fraudulent misrepresentation;</li>
<li>limit any of our or your liabilities in any way that is not permitted under applicable law; or</li>
<li>exclude any of our or your liabilities that may not be excluded under applicable law.</li>
</ul>
<p>The limitations and prohibitions of liability set in this Section and elsewhere in this disclaimer: (a) are subject to the preceding paragraph; and (b) govern all liabilities arising under the disclaimer, including liabilities arising in contract, in tort and for breach of statutory duty.</p>
<p>As long as the website and the information and services on the website are provided free of charge, we will not be liable for any loss or damage of any nature.</p>","<p>Настоящие положения и условия определяют правила и положения использования {app_name}.</p>
<p>Посещая этот веб-сайт, мы предполагаем, что вы принимаете эти положения и условия. Не продолжайте использовать {app_name}, если вы не согласны принять все условия, изложенные на этой странице.</p>
<p>К настоящим Условиям использования, Положению о конфиденциальности, Уведомлению об отказе от ответственности и всем соглашениям применяется следующая терминология: «Клиент», «Вы» и «Ваш» относятся к вам, лицу, вошедшему на этот веб-сайт, и соответствуют условиям и правилам Компании. условия. «Компания», «Мы», «Мы», «Наш» и «Нас» относятся к нашей Компании. «Сторона», «Стороны» или «Нас» относятся как к Клиенту, так и к нам самим. Все условия относятся к предложению, принятию и рассмотрению оплаты, необходимой для осуществления процесса нашей помощи Клиенту наиболее подходящим способом с явной целью удовлетворения потребностей Клиента в отношении предоставления заявленных услуг Компании в соответствии с и в соответствии с действующим законодательством Нидерландов. Любое использование вышеуказанной терминологии или других слов в единственном, множественном числе, с заглавной буквы и/или он/она или они считаются взаимозаменяемыми и, следовательно, относятся к одному и тому же.</p>
<h2>Файлы cookie</h2>
<p>Мы используем файлы cookie. Заходя на {app_name}, вы согласились использовать файлы cookie в соответствии с <a href='{privacy_url}'>Политикой конфиденциальности</a>.</p>
<p>Большинство интерактивных веб-сайтов используют файлы cookie, позволяющие нам получать данные пользователя при каждом посещении. Файлы cookie используются нашим веб-сайтом для обеспечения функциональности определенных областей и облегчения посещения нашего веб-сайта людьми. Некоторые из наших аффилированных/рекламных партнеров также могут использовать файлы cookie.</p>
<h2>Лицензия</h2>
<p>Вы не должны:</p>
<ul>
<li>Повторно опубликовать материал из {app_name}</li>
<li>Продавать, брать напрокат или сублицензировать материалы из {app_name}</li>
<li>Воспроизведение, дублирование или копирование материалов из {app_name}</li>
<li>Распространение контента из {app_name}</li>
</ul>
<p>Настоящее Соглашение вступает в силу с даты его подписания.</p>
<h2>iFrame</h2>
<p>Без предварительного одобрения и письменного разрешения вы не имеете права создавать рамки вокруг наших веб-страниц, которые каким-либо образом изменяют визуальное представление или внешний вид нашего веб-сайта.</p>
<h2>Ответственность за контент</h2>
<p>Мы не несем ответственности за любой контент, который появляется на вашем веб-сайте. Вы соглашаетесь защищать нас от всех претензий, возникающих на вашем веб-сайте. На каком-либо веб-сайте не должны появляться ссылки, которые могут быть истолкованы как клеветнические, непристойные или преступные, или которые нарушают, иным образом нарушают или пропагандируют нарушение или иное нарушение прав третьих лиц.</p>
<h2>Сохранение прав</h2>
<p>Мы оставляем за собой право потребовать от вас удалить все ссылки или любую конкретную ссылку на наш веб-сайт. Вы соглашаетесь немедленно удалить все ссылки на наш веб-сайт по запросу. Мы также оставляем за собой право в любое время изменить настоящие условия и политику связывания. Постоянно переходя по ссылке на наш веб-сайт, вы соглашаетесь соблюдать настоящие условия и положения ссылок.</p>
<h2>Удаление ссылок с нашего сайта</h2>
<p>Если вы обнаружите на нашем веб-сайте какую-либо ссылку, которая по какой-либо причине является оскорбительной, вы можете связаться с нами и сообщить об этом в любой момент. Мы рассмотрим запросы на удаление ссылок, но мы не обязаны делать это или отвечать вам напрямую.</p>
<p>Мы не гарантируем правильность информации на этом сайте, не гарантируем ее полноту и точность; мы также не обещаем обеспечивать доступность веб-сайта или обновление материалов на нем.</p>
<h2>Отказ от ответственности</h2>
<p>В максимальной степени, разрешенной действующим законодательством, мы исключаем все заявления, гарантии и условия, касающиеся нашего веб-сайта и его использования. Ничто в этом отказе от ответственности не будет:</p>
<ul>
<li>ограничить или исключить нашу или вашу ответственность за смерть или телесные повреждения;</li>
<li>ограничить или исключить нашу или вашу ответственность за мошенничество или намеренное введение в заблуждение;</li>
<li>ограничивать любые наши или ваши обязательства любым способом, не разрешенным действующим законодательством; или</li>
<li>исключить любые наши или ваши обязательства, которые не могут быть исключены в соответствии с применимым законодательством.</li>
</ul>
<p>Ограничения и запреты ответственности, установленные в этом разделе и в других местах данного отказа от ответственности: (a) подпадают под действие предыдущего параграфа; и (b) регулируют все обязательства, возникающие в соответствии с отказом от ответственности, включая обязательства, возникающие по контракту, в связи с правонарушением и нарушением установленных законом обязанностей.</p>
<p>Поскольку веб-сайт, а также информация и услуги на нем предоставляются бесплатно, мы не несем ответственности за любые убытки или ущерб любого характера.</p>"
page_terms_title,"Terms and Conditions","Условия использования"
