phrase,source_en,translation
"{Many} days ago","{Many} days ago","{Many} дня(-ей) назад"
"{Many} hours ago","{Many} hours ago","{Many} часа(-ов) назад"
"{Many} minutes ago","{Many} minutes ago","{Many} минут(-ы) назад"
"{Many} months ago","{Many} months ago","{Many} месяца(-ев) назад"
"{Many} years ago","{Many} years ago","{Many} лет назад"
"{One} day ago","{One} day ago","{One} день назад"
"{One} hour ago","{One} hour ago","{One} час назад"
"{One} minute ago","{One} minute ago","{One} минуту назад"
"{One} month ago","{One} month ago","{One} месяц назад"
"{One} year ago","{One} year ago","{One} год назад"
Action,Action,Действие
"Back to Inbox","Back to inbox","Вернуться в почтовый ящик"
"Block Sender","Block Sender","Блокировать отправителя"
"Blocked at","Blocked at","Дата блокировки"
"Blocked users","Blocked users","Заблокированные пользователи"
Chat,Chat,Чат
"Chat with {Username}","Chat with {Username}","Чат с {Username}"
"Completely remove","Completely remove","Удалить на всегда"
folder_important,Important,Важные
folder_inbox,Inbox,Входящие
folder_sent,"Sent Items",Отправленные
folder_starred,Starred,Избранные
folder_trash,Trash,Удаленные
I'm,I'm,Я
"Just now","Just now","Только что"
Loading...,Loading...,Загрузка...
"Mark as Important","Mark as Important","Пометить как важное"
"Mark as Read","Mark as Read","Пометить как прочитанное"
"Mark as Starred","Mark as Starred","Пометить как избранное"
Message,Message,Сообщение
"Message has been sent","Message has been sent","Сообщение было отправлено"
"Messages have been completely removed","Messages have been completely removed","Сообщения были полностью удалены"
"Messages have been restored","Messages have been restored","Сообщения были востановлены"
"Move to Trash","Move to Trash","Переместить в удаленные"
"My messages","My messages","Мои сообщения"
New,New,Новое
"New message","New message","Новое сообщение"
Refresh,Refresh,Обновить
"Remove from Important folder","Remove from Important folder","Удалить из папки Важные"
"Remove from Starred folder","Remove from Starred folder","Удалить из папки Избранные"
"Removed from sale","Removed from sale","Снят с продажи"
"Restore from Trash folder","Restore from Trash folder","Восстановить из папки Удаленные"
Scammer!,Scammer!,Мошенник!
"Selected messages has been marked as Important","Selected messages has been marked as Important","Выбранные сообщения были помечены как Важные"
"Selected messages have been marked as read","Selected messages have been marked as read","Выбранные сообщения были помечены как Прочитанные"
"Selected messages have been moved to Starred folder","Selected messages have been moved to Starred folder","Выбранные сообщения были перемещены в папку Избранные"
"Selected messages have been moved to trash folder","Selected messages have been moved to trash folder","Выбранные сообщения были перемещены в папку Удаленные"
"Selected messages have been removed from Important folder","Selected messages have been removed from Important folder","Выбранные сообщения были удалены из папки Важные"
"Selected messages have been removed from Starred folder","Selected messages have been removed from Starred folder","Выбранные сообщения были удалены из папки Избронные"
"Send message","Send message","Отправить сообщение"
"The website has been sold or removed from sales.","The website has been sold or removed from sales.","Веб-сайт был продан или удален из продажи."
"This user has blocked you","This user has blocked you","Этот пользователь вас заблокировал"
"Type your message here...","Type your message here...","Введите Ваше сообщение здесь..."
"Unauthorized users can not send messages","Unauthorized users can not send messages","Не авторизованные пользователи не могут отправлять сообщения"
Unblock,Unblock,Разблокировать
"User has been blocked","User has been blocked","Пользователь был заблокирован"
"User has been blocked and marked as a spammer","User has been blocked and marked as a spammer","Пользователь был помечен как мошенник"
"User has been unblocked","User has been unblocked","Пользователь был разблокирован"
"You are forbidden to send messages","You are forbidden to send messages","Вам запрещено отправлять сообщения"
"You can't send message to yourself","You can't send message to yourself","Вы не можете себе отправить сообщение"
"You have blocked this user. {Click here} to unblock","You have blocked this user. {Click here} to unblock","Вы заблокировали этого пользователя. {Click here} чтобы разблокировать"
