phrase,source_en,translation
Category,Category,Категория
"Congratulations. Your website/domain is on sale","Congratulations. Your website/domain is on sale","Поздравляем. Ваш веб-сайт/домен выставлен на продажу"
Domain/Website,Domain/Website,Домен/Веб-сайт
Field,Field,Поле
"Fill out the form","Fill out the form","Заполните форму"
"Information has been updated","Information has been updated","Информация была обновлена"
"Insert widget on your main page and click ""verify"" button. Feel free to modify HTML/CSS, but leave do follow link.","Insert widget on your main page and click ""verify"" button. Feel free to modify HTML/CSS, but leave do follow link.","Вставьте код виджета на главную страницу вашего веб-сайта. Вы можете модифицировать HTML/CSS как вам угодно, только оставьте do follow линк, иначе бот не сможет определить ваш веб-сайт."
"My Websites/Domains on Sale","My Websites/Domains on Sale","Мои Веб-сайты/Домены на продаже"
"Nothing is sold","Nothing is for sale","Ничего не выставлено на продажу"
"Put up for sale","Put up for sale","Выставить на продажу"
"Remove from sale","Remove from sale","Убрать с продажи"
"Sell Website/Domain","Sell Website/Domain","Продать веб-сайт/домен"
"The website is already on sale","The website is already on sale","Веб-сайт уже продается"
"The widget has been found","The widget has been found","Виджет был найден"
"The widget has not been found","The widget has not been found","Виджет не был найден"
Value,Value,Значение
Verify,Verify,Проверить
"Visit website","Visit website","Посетить веб-сайт"
"Website {Domain} has been removed from sale","Website {Domain} has been removed from sale","Веб-сайт {Domain} был убран с продаж"
