phrase,source_en,translation
"{Portal} allows people you to sell your website.","{Portal} allows people you to sell your website or domain name and allow people contact with you who may interest with your website/domain.","{Portal} позволяет людям выставлять на продажу их сайты или домены, а также дает возможность потенциальным покупателям контактировать с продавцами."
"After analysis and calculation of your website price done, click ""Sell my website/domain""","After analysis and calculation of your website price done, click ""Sell my website/domain"" link under Widgets section. Or click Dashboard link on the menu.","После анализа и расчета Вашего веб-сайта, нажмите кнопку ""Продать сайт/доман"" под виджетом."
"And wait for people contact with you.","And wait for people contact with you. If anybody interesting with your website/domain name, you will receive an e-mail from your potential buyer including his/her contact information.","Ждите пока с вами свяжутся. Если кто-нибудь заинтересуется вашим веб-сайтом или доменом, то вы получите уведомление на почту с данными о потенциальном покупателе."
"Check websites and domains on sale","Check websites and domains on sale","Веб-сайты и домены на продажу"
"Check your domain/website listed on {Buy Websites} page","Check your domain/website listed on {Buy Websites} page.","Проверьте Ваш веб-сайт или домен на странице {Buy Websites}."
"Check your website/domain on {Portal}","Check your website/domain on {Portal} (Open {Portal} home page and write your website/domain name then click ""Calculate"").","Проверьте ваш веб-сайт/домен на {Portal} (Откройте главную страницу на {Portal} и введите адрес вашего веб-сайта или домена и нажмите ""Рассчитать"")."
"Do you want to sell your website, sell your domain name?","Do you want to sell your website, sell your domain name?","Хотите продать свой веб-сайт или домен?"
"Register/Login to {Portal}","Register/Login to {Portal}.","Зарегистрируйтесь или авторизуйтесь на {Portal}."
"Sale instruction description","How to sell my website or domain on {Portal}","Как продать мой веб-сайт или домен на {Portal}"
"Sale instruction page keywords","sell domain,sell website,sell website for free,sell domain for free,sell my domain,sell my website","продать домен, продать веб-сайт, продать веб-сайт бесплатно, продать домен бесплатно, продать мой веб-сайт, продать мой домен"
"Sell Websites - Sell Domains","Sell Websites - Sell Domains","Продать Веб-сайт - Продать Домен"
"Site Verification page opens","Site Verification page opens. Put the HTML code on your website main(root) page and enter the information that asked. And click ""Verify"" button. If verification done succesfully then fill out the form and your website/domain started to sell on {Portal}.","Откроется страница верификации. Вставьте предлагаемый HTML код на главную страницу вашего веб-сайта и введите информацию которую Вас попросят. Нажмите кнопку ""Проверить"". Если верификация пройдет успешно и форма заполнена верно, то ваш веб-сайт/домен начнет продаваться на {Portal}."
"To tell people that you may sell your website or sell domain","To tell people that you may sell your website or sell domain name with a good offer follow this easy instructions.","Чтобы рассказать людям, что вы продаете веб-сайт или домен по хорошей цене - следуйте изложенными ниже инструкциями."
