phrase,source_en,translation
"Complain date","Complain date","Дата отправки"
Legend,Legend,Легенда
"Prevent {Scammer} from sending letters","Prevent {Scammer} from sending letters","Запретить {Scammer} отправлять письма"
"Scam reports","Scam reports","Список скамеров"
Scammer,Scammer,Мошенник
Sender,Sender,Отправитель
"Sent at","Sent at","Дата отправки"
"The dialog between {Sender} and {Scammer}","The dialog between {Sender} and {Scammer}","Диалог между {Sender} и {Scammer}"
"User has been restricted","User has been restricted","Права пользователя были ограничены"
"View dialog","View dialog","Просмотреть диалог"
