phrase,source_en,translation
"Access denied","Access denied","Доступ запрещен"
"Index page description","How much is a website price? {Portal} is a free website worth calculator and domain value estimator. You Can Sell and Buy Websites and Domain names with no cost.","Сколько стоит веб-сайт? {Portal} - это бесплатный сервис для расчета примерной стоимости веб-сайта. Также вы можете покупать и выставлять веб-сайты на продажу бесплатно."
"Index page keywords","buy website,domain estimator,domain valuation,domain value,domain value calculator,domain value estimator,domain worth,how much is my website worth,price website,sell website,site price,site value,site value calculator,site worth,value my website,value of a website,web worth,website calculator,website price,website price calculator,website valuation,website value,website value calculator,website value checker,website value estimator,website worth,website worth calculator,website worth checker,what is my domain worth,what is my website worth,worth of web,worth of website","купить веб-сайт, оценочная стоимость домена, оценка домена, стоимость домена, калькулятор расчета стоимости веб-сайта, стоимость веб-сайта, сколько стоит мой веб-сайт, цена веб-сайта, цена домена, цена сайта, стоимость сайта, оценочная цена сайта, калькулятор стоимости сайта, калькулятор стоимости домена, сколько стоит мой домен"
"Index page title","Get website cost online","Получить стоимость веб-сайта он-лайн"
"Internal server error","Internal server error","Внутренняя ошибка сервера"
"Learn more","Learn more",Подробнее
OK,OK,OK
"Page not found","Page not found","Страница не найдена"
"This website uses cookies to ensure you get the best experience on our website.","This website uses cookies to ensure you get the best experience on our website.","Мы используем файлы cookie, чтобы сделать контент и рекламу более интересными и подходящими для вас, дать вам возможность делиться информацией в социальных сетях, а также проанализировать наш трафик. Мы передаем информацию о ваших действиях на сайте нашим партнерам: рекламным и аналитическим сервисам, а также социальным сетям."
