phrase,source_en,translation
"All websites that are on sale have been checked","All websites that are on sale have been checked","Все веб-сайты, которые находятся на продаже были проверены"
"Cache has been cleared","Cache has been cleared","Кэш был очистен"
"Expired data has been cleared","Expired data has been cleared","Истекшие данные были удалены"
"Sitemap has been generated","Sitemap has been generated","Карта сайта была сгенерирована"
