phrase,source_en,translation
"{Click here} if you already have an account and just need to login.","{Click here} if you already have an account and just need to login.","{Click here} если у вас уже есть аккаунт или вам нужно залогиниться."
"A confirmation email has been sent on {ConfirmationEmail}","A confirmation email has been sent on {ConfirmationEmail}. Please go to your inbox now, open the email and click on activation link.","Сообщение о подтверждении было отправлено на {ConfirmationEmail}. Пожалуйста, зайдите в свой почтовый ящик и пройдите по ссылке активации."
Active,Active,Активный
Administrator,Administrator,Администратор
"Allow send messages","Allow send messages","Разрешить отправлять сообщения"
Blocked,Blocked,Заблокирован
"Can send message","Can send message","Может отправлять сообщения"
"Change Password Form","Change Password Form","Форма для смены пароля"
"Confirmed Email","Confirmed Email","Email Подтвержден"
Congratulations!,Congratulations!,Поздравляем!
"Create an account","Create an account","Создать аккаунт"
"Create User","Create User","Создать пользователя"
"Creating a {InstalledUrl} account is fast, easy, and free","Creating a {InstalledUrl} account is fast, easy, and free","Создание аккаунта на {InstalledUrl} быстро, просто и безопасно"
"Delete user","Delete user","Удалить пользователя"
Deleted,Deleted,Удален
"Don't have an account yet? {Sign up now}!","Don't have an account yet? {Sign up now}!","Еще нету аккаунта? {Sign up now}!"
"Edit user data","Edit user data","Редактировать данные пользователя"
Email,Email,"Эл. почта"
"Email confirmation","Email confirmation","Подтверждение эл. почты"
Field,Field,Поле
"Forgot password instruction","You forgot your password? No big deal. Give us your email address and we will send you you a message with some simple instructions to reset it. You will have to click the link in the email we send in order to reset your password.","Забыли пароль? Ничего страшного. Введите адрес своей эл. почты и мы отправим вам письмо с дальнейшими инструкциями, как сбросить пароль. Вы должны будете нажать на линк в письме чтобы перейти к сбрасыванию пароля."
"Forgot your password?","Forgot your password?","Забыли свой пароль?"
"Go check your email and confirm RIGHT NOW","Go check your email and confirm RIGHT NOW","Проверьте свою почту и подтвердите ПРЯМО СЕЙЧАС"
"I have read and accept the {Terms and Conditions}","I have read and accept the {Terms and Conditions}","Я прочитал и принимаю {Terms and Conditions}"
"Incorrect old password","Incorrect old password","Неверный старый пароль"
"Invalid email or password","Invalid email or password","Неправильный эл. адрес или пароль"
"Last login at","Last login at","Дата последнего логина"
"Last login IP Address","Last login IP Address","IP последнего логина"
"Login Form","Login Form","Форма логина"
"Manage Users","Manage Users","Управление пользователями"
"Modified at","Modified at","Дата редактирования"
"Need an account?","Need an account?","Нужен аккаунт?"
"Old password","Old password","Старый пароль"
"or wait, I remember!","or wait, I remember!","или подождите, я вспомнил!"
Password,Password,Пароль
"Password has been changed","Password has been changed","Пароль был изменен"
"Password recovery","Password recovery","Востоновление пароля"
"Passwords do not match","Passwords do not match","Пароли не совпадают"
"Please Sign In","Please Sign In","Пожалуйста авторизуйтесь"
"Profile Settings","Profile Settings","Настройки профайла"
Re-Password,Re-Password,"Повтор Пароля"
"Register Form","Register Form","Регистрационная форма"
"Register new account","Register new account","Зарегистрировать новый аккаунт"
"Registered at","Registered at","Дата регистрации"
"Registered IP","Registered IP","IP регистрации"
"Registration at {InstalledUrl}","Registration at {InstalledUrl}","Регистрация на {InstalledUrl}"
"Remember me","Remember me","Запомнить меня"
"Reset password","Reset password","Сбросить пароль"
Root,Root,"Супер администратор"
"Set new password","Set new password","Установить новый пароль"
"Sign in","Sign in",Войти
"Sign up","Sign up",Зарегистрироваться
"Sign up now","Sign up now","Зарегистрироваться сейчас"
"The password has been changed. Use new password to login","The password has been changed. Use new password to login","Пароль был изменен. Используйте новый пароль для входа в систему"
Unknown,Unknown,Неизвестно
User,User,Пользователь
"User has {CountOnSale} website(-s) on sale","User has {CountOnSale} website(-s) on sale","Пользователь имеет {CountOnSale} веб-сайта(-ов) на продаже"
"User has been blocked or deleted","User has been blocked or deleted","Пользователь был заблокирован"
"User has been created","User has been created","Пользователь был создан"
"User has been deleted","User has been deleted","Пользователь был удален"
"User Inbox","User inbox","Почта пользователя"
"User info","User info","Информация пользователя"
"User role","User role","Роль пользователя"
"User status","User status","Статус пользователя"
Username,Username,"Имя пользователя"
Value,Value,Значение
"Verification code","Verification code","Верификационный код"
"We didn't find such email address","We didn't find such email address","Мы не нашли такого адреса электронной почты"
"We have sent you confirmation email. Please confirm it","We have sent you confirmation email. Please confirm it","Мы отправили Вам письмо с подтверждением. Пожалуйста проверьте почту"
"You have been disconnected from the session","You have been disconnected from the session","Вы были отключены от сесии"
"You have successfully confirmed your email address.","You have successfully confirmed your email address.","Вы успешно подтвердили ​адрес электронной почты."
