phrase,source_en,translation
"{NumOfWebsites} total website price calculated","{NumOfWebsites} total website price calculated.","Оценено {NumOfWebsites} веб-сайта(-ов)."
"{Percent} of sites are faster","{Percent} of sites are faster","{Percent} процентов веб-сайтов быстрее"
"{Percent} of sites are slower","{Percent} of sites are slower","{Percent} веб-сайтов медленнее"
"{Seconds} Seconds","{Seconds} Seconds","{Seconds} секунд(-ы)"
"{Website} worth is {Cost}","{Website} worth is {Cost}","Ориентировочная цена {Website} составляет {Cost}"
"Add to catalog. Free","Add to catalog. Free","Добавить в каталог. Бесплатно"
"Alexa Rank","Alexa Rank","Alexa Рейтинг"
"Alexa Stats","Alexa Stats","Alexa Статистика"
"Antivirus Stats","Antivirus Stats","Статистика Антивирусов"
AVG,AVG,AVG
"Basic information","Basic information","Основная информация"
"Bing Index","Bing Index","Bing Индекс"
Calculate,Calculate,Вычислить
"Catalog Stats","Catalog Stats","Статистика Каталогов"
City,City,Город
"Click count","Click count","Количество кликов"
Coins,Coins,Монеты
"Comment count","Comment count","Количество комментариев"
"Comment plugin count","Comment plugin count","Количество комментариев в плагине"
"Contact seller","Contact seller","Связаться с продавцом"
"Could not reach host: {Host}","Could not reach host: {Host}","Не удалось достичь хост: {Host}"
Country,Country,Страна
"Daily Ads Revenue","Daily Ads Revenue","Ежедневный доход с рекламы"
"Daily Global Rank Trend","Daily Global Rank Trend","Ежедневный Глобальный Ранг Трендов"
"Daily Pageviews","Daily Pageviews","Ежедневный просмотр страниц"
"Daily Reach (Percent)","Daily Reach (Percent)","Ежедневная аудитория (в процентах)"
"Daily Unique Visitors","Daily Unique Visitors","Ежедневные уникальные посетители"
Description,Description,Описание
Dmoz,Dmoz,Dmoz
Domain,Domain,Домен
"Domain Authority","Domain Authority","Domain Authority"
"Domain Authority Description","Domain authority is a metric, developed by SEOMoz, to predict the ability of a website / domain to rank in search engines. Domain authority uses a 0 to 100 logarithmic scale. A high Domain authority score means your complete website / all the pages on your domain have the potential to rank well in search engine results.","Domain authority is a metric, developed by SEOMoz, to predict the ability of a website / domain to rank in search engines. Domain authority uses a 0 to 100 logarithmic scale. A high Domain authority score means your complete website / all the pages on your domain have the potential to rank well in search engine results."
"Domain name","Domain name","Доменное имя"
"Estimate other website","Estimate other website","Оценить другой веб-сайт"
"Estimate Price","Estimate Price","Оценочная Стоимость"
"Estimated Daily Stats","Estimated Daily Stats","Предполагаемая дневная статистика"
"Estimated Data Analytics","Estimated Data Analytics","Предполагаемые аналитические данные"
"Estimated Monthly Stats","Estimated Monthly Stats","Предполагаемая месячная статистика"
"Estimated website cost of any domain","Estimated website cost of any domain.","Ориентировочная стоимость любого домена."
"Estimated worth","Estimated worth","Примерная стоимость"
"Estimated Yearly Stats","Estimated Yearly Stats","Предполагаемая годовая статистика"
"Explore more","Explore more","Узнать больше"
"Facebook Stats","Facebook Stats","Статистика Facebook"
Failed,Failed,Отрицательно
"Get code","Get code","Получить код"
"Get website review","Get website review","Обзор веб-сайта"
"Get widget","Get widget","Получить виджет"
"Get widget / Sale website","Get widget / Sale website","Получить виджет / продать веб-сайт"
"Global Rank","Global Rank","Глобальный Ранк"
Google,Google,Google
"Google Backlinks","Google Backlinks","Количество обратный ссылок в Google"
"Google Index","Google Index","Google Индекс"
Gplus+,Gplus+,Gplus+
Grid,Grid,Сетка
"Has Estimated Worth of","Has Estimated Worth of","Имеет ориентировачную стоимость"
"How much {Website} is worth?","How much {Website} is worth?","Сколько стоит {Website}?"
"IP Address","IP Address","IP Адрес"
"Is On Sale","Is On Sale",Продается
Keywords,Keywords,"Ключевые слова"
Latitude,Latitude,Широта
"Leave empty input","Leave empty input","Оставьте поле пустым"
"Like count","Like count","Количество Лайков"
Likes,Likes,Лайки
LinkedIn,LinkedIn,LinkedIn
"Links in","Links in","Количество входящих линков"
List,List,Список
"List of upcoming websites. Page {PageNr}","List of upcoming websites. Page {PageNr}","Список новых веб-сайтов. Страница {PageNr}"
"Load speed","Load speed","Скорость загрузки"
"Local Rank","Local Rank","Локальный Ранк"
"Location Stats","Location Stats","Статистика Местоположения"
Longitude,Longitude,Долгота
"Manage Websites","Manage Websites","Управление Веб-сайтами"
McAfee,McAfee,McAfee
"Monthly Ads Revenue","Monthly Ads Revenue","Ежемесячный доход с рекламы"
"Monthly page view","Monthly page view","Ежемесячное количество просмотров страниц"
"Monthly Pageviews","Monthly Pageviews","Ежемесячный просмотр страниц"
"Monthly revenue","Monthly revenue","Ежемесячная прибыль"
"Monthly Unique Visitors","Monthly Unique Visitors","Ежемесячные уникальные посетители"
"More actions","More actions",Действия
"MOZ Links","MOZ Links","MOZ Links"
"MOZ Links Description","The number of links in MOZ to the URL","The number of links in MOZ to the URL"
Norton,Norton,Norton
Notes,Notes,Заметки
"Number of websites","Number of websites","Количество веб-сайтов"
"Page Authority","Page Authority","Page Authority"
"Page Authority Description","Page authority is a metric, developed by SEOMoz, to predict the ability for a specific page to rank in search engines. Page authority uses a 0 to 100 logarithmic scale. A high Page authority score means your page has the potential to rank well in search engine results.","Page authority is a metric, developed by SEOMoz, to predict the ability for a specific page to rank in search engines. Page authority uses a 0 to 100 logarithmic scale. A high Page authority score means your page has the potential to rank well in search engine results."
"Page Rank",PageRank,PageRank
Pins,Pins,Pins
"Re-Calculate estimate price","Re-Calculate estimate price","Пересчитать оценочную стоимость"
"Reaction count","Reaction count","Количество реакций"
Region,Region,Регион
"Related Keywords","Related Keywords","Связанные ключевые слова"
"Remove website","Remove website","Удалить веб-сайт"
"Remove website from sale","Remove website from sale","Убрать веб-сайт с продажи"
"Review average","Review average","Средняя оценка отзыв"
"Review count","Review count","Количество отзывов"
"Sale Website","Sale Website","Продать Веб-сайт"
"Sales Information","Sales Information","Информация о продаже"
"Search Engine Stats","Search Engine Stats","Поисковая Статистика"
"Search Traffic","Search Traffic","Поисковый трафик"
"Seller has blocked you","Seller has blocked you","Продавец заблокировал вас"
"Selling price","Selling price","Цена продажи"
"Share count","Share count","Количество шарингов"
"Show Your Visitors Your Website Value","Show Your Visitors Your Website Value","Покажите Своим посетителям сколько стоит Ваш Веб-сайт"
"Similar Websites","Similar Websites","Похожие сайты"
"Site Price calculated at: {Time}","Site Price calculated at: {Time}","Примерная стоимость веб-сайта была рассчитана: {Time}"
"Social Stats","Social Stats","Социальная Статистика"
Stumbleupon,Stumbleupon,Stumbleupon
Success,Success,Положительно
"The website's estimated price has been recalculated. {Click here} to see a result","The website's estimated price has been recalculated. {Click here} to see a result","Ориентировочная цена веб-сайта была пересчитана. {Click here} чтобы увидеть результат."
"This website is on sale","This website is on sale","Этот веб-сайт продается"
Title,Title,Заголовок
"TOP by Cost","TOP by Cost","Лучшие по цене"
"TOP by Countries","TOP by Countries","Лучшие по странам"
"TOP by PageRank","TOP by PageRank","Лучшие по PageRank"
"Top websites by countries. Diagram. Page {PageNr}","Top websites by countries. Diagram. Page {PageNr}","Лучшие по странам. Диаграмма. Страница {PageNr}"
"Top websites by PageRank. Diagram","Top websites by PageRank. Diagram","Лучшие по PageRank. Диаграмма"
"Top websites by price. Page {PageNr}","Top websites by cost. Page {PageNr}","Лучшие по цене. Страница {PageNr}"
"Top websites having {PageRank} PageRank. Page {PageNr}","Top websites having {PageRank} PageRank. Page {PageNr}","Лучшие веб-сайты, имеющие {PageRank} PageRank. Страница {PageNr}"
"Top websites in {Country}. Page {PageNr}","Top websites in {Country}. Page {PageNr}","Лучшие веб-сайты в стране {Country}.  Страница {PageNr}"
"Total count","Total count","Общее количество"
Twitter,Twitter,Twitter
"Unique monthly visitors","Unique monthly visitors","Ежемесячное количество уникальных посетителей"
"View website info","View website info","Информация о веб-сайте"
"Webmaster info","Webmaster info","Информация для веб-мастеров"
Website,Website,Веб-сайт
"Website {Website} has been removed from sale","Website {Website} has been removed from sale","Веб-сайт {Website} был снят с продаж"
"Website cost","Website cost","Стоимость веб-сайта"
"website description","{Website} worth is {Cost}","Ориентировочная цена {Website} составляет {Cost}"
"Website has been deleted","Website has been deleted","Веб-сайт был удален"
"website keywords","{Website} price, {Website} worth, {Website} estimate price, {Website} estimate cost, {Website} estimate worth","цена {Website}, стоимость {Website}, ориентировочная цена {Website}, ориентировочная стоимость {Website}"
"Website owner? {Sale Website}!","Website owner? {Sale Website}!","Владелец веб-сайта? {Sale Website}!"
WHOIS,WHOIS,WHOIS
Yahoo,Yahoo,Yahoo
"Yahoo Index","Yahoo Index","Yahoo Индекс"
"Yearly Ads Revenue","Yearly Ads Revenue","Ежегодный доход с рекламы"
"Yearly Pageviews","Yearly Pageviews","Ежегодный просмотр страниц"
"Yearly Unique Visitors","Yearly Unique Visitors","Ежегодные уникальные посетители"
"You have blocked this user. {Click here} to unblock","You have blocked this user. {Click here} to unblock","Вы заблокировали этого пользователя. {Click here} для разблокировки"
"You should login to contact seller","You should login to contact seller","Вы должны авторизоваться чтобы связаться с продавцом"
