phrase,source_en,translation
"Admin panel","Admin panel","Admin panel"
"Bulk Import","Bulk Import",Bulkimport
Dashboard,Dashboard,Dashboard
"Flush cache","Flush cache","Flush cache"
Localization,Localization,Lokalisatie
No,No,Nee
"Run garbage collector","Run garbage collector","Draai troep verzamelaar"
"Run widget checker","Run widget checker","Draai widget checker"
"Sitemap generation","Sitemap generation","Genereer sitemap"
"There are {NumOfScam} complaints of fraud. {Click here} to take an action.","There are {NumOfScam} complaints of fraud. {Click here} to take an action.","Er zijn {NumOfScam} klachten van fraude. {Klik hier} om een ​​actie te ondernemen."
Tools,Tools,Gereedschap
"We have {NumOfMissingTrans} missing translations. {Click here} to find out more.","We have {NumOfMissingTrans} missing translations. {Click here} to find out more.","We hebben {NumOfMissingTrans} ontbrekende vertalingen. {Klik hier} om meer te weten te komen."
"Welcome back, {Username}","Welcome back, {Username}","Welkom terug, {Username}"
Yes,Yes,Ja
"You are using administration rights over {Username}","You are using administration rights over {Username}","U maakt gebruik van administratie rechten op {Username}"
