phrase,source_en,translation
"Ascending order","Ascending order","Aflopende volgorde"
Category,Category,Categorie
"Category has been created","Category has been created","Categorie is aangemaakt"
"Category Translation","Category Translation","Categorie vertaling"
"Create Category","Create Category","Categorie aanmaken"
"Create translation","Create translation","Maak vertaling"
"Descending order","Descending order","Oplopende volgorde"
"Edit category","Edit category","Categorie bewerken"
"Is sold since","On sale since","Is verkocht sinds"
"Manage Categories","Manage Categories","Manage Categories"
"Selling date","Selling date","Verkoop datum"
Slug,Slug,Slug
"Sort by","Sort by","Sorteer op"
"Translation for this language already exists. {Update translation}","Translation for this language already exists. {Update translation}","Vertaling voor deze taal bestaat reeds. {Update vertaling}"
"Translation has been created","Translation has been created","Vertaling is gemaakt"
"Translation has been deleted","Translation has been deleted","Vertaling is verwijderd"
"Translation has been updated","Translation has been updated","Vertaling is bijgewerkt"
"Update translation","Update translation","Update vertaling"
"Websites in the category {Category}. Page {PageNr}","Websites in the category {Category}. Page {PageNr}","Websites in de categorie {Category}. Pagina {PageNr}"
"Websites on sale. Page {PageNr}","Websites on sale. Page {PageNr}","Websites te koop. Pagina {PageNr}"
