phrase,source_en,translation
Body,Body,Body
"Contact page description","We are ready to assist you with any questions or problems you may have. Please fill out following form to contact us by e-mail.","Wij staan ​​klaar om u te helpen met eventuele vragen of problemen. Vul onderstaand formulier in om contact met ons op te nemen via e-mail."
"Contact page keywords","{Portal} contact form, contact {Portal}","{Portal} Contactformulier, Contact {Portal}"
"Contact us","Contact us","Neem contact met ons op"
Email,Email,Email
Name,Name,Naam
Subject,Subject,Onderwerp
