phrase,source_en,translation
"Calculation Error Code 102","Couldn't grab html from website","Kon de html code niet van de website pakken"
"Calculation Error Code 103","Website contains badwords","Website bevat foute woorden"
"Calculation Error Code 201","Error while inserting data","Error tijdens data invoer"
"Calculation Error Code 202","Error while updating data","Error terwijl de data werd geupdate"
"Sitemap error code 101","Make sure ""sitemap"" directory and ""sitemap.xml"" file has writable permissions","Wees er zeker van dat de directory ""sitemap"" en het bestand sitemap.xml scrijfbaar zijn"
