phrase,source_en,translation
"Any category","Any category","Willekeurige categorie"
"Any language","Any language","Willekeurige taal"
"Can't close temporary file","Can't close temporary file","Kan tijdelijk bestand niet sluiten"
"Can't create temporary file","Can't create temporary file","Kan tijdelijk bestand niet maken"
"Category name","Category name","Categorie naam"
"Choose any category","Choose any category","Kies een categorie"
"Choose any language","Choose any language","Kies een taal"
"Couldn't open zip archive","Couldn't open zip archive","Kon zip bestand niet openen"
"Create Language","Create Language","Maak een taal"
"Create new Language","Create new Language","Maak een nieuwe taal"
"Create new phrase","Create new phrase","Maak een nieuwe zin"
"Create phrase","Create phrase","Maak zin"
"Created at","Created at","Gemaakt op"
"Default language can't be deleted","Default language can't be deleted","Standaard taal kan niet worden verwijderd"
"Default language can't be disabled","Default language can't be disabled","Standaardtaal kan niet worden uitgeschakeld"
"Default language must be specified","Default language must be specified","Standaard taal moet worden opgegeven"
"Do not copy translations","Do not copy translations","Kopiër de vertalingen niet"
"Edit {Language} language","Edit {Language} language","Bewerk {Language} taal"
"Edit phrase","Edit phrase","Zin bewerken"
"Existing translations","Existing translations","Bestaande vertalingen"
Export,Export,Exporteer
"Export Translation","Export Translation","Exporteer vertaling"
"Find phrase/translation","Find a phrase/translation","Zoek de zin/vertaling"
"Forced import","Forced import","Geforceerde import"
"Ignoring file {File} because it's not a csv file","Ignoring file {File} because it's not a csv file","Negeer het bestand {File} want het is geen csv-bestand"
Import,Import,Importeer
"Import Translation","Import Translation","Importeer vertaling"
"Incorrect Language ID format","Incorrect Language ID format","Onjuiste taal ID formaat"
"Invalid category name","Invalid category name","Ongeldige categorie naam"
"Invalid format of {Row} row in {Category} category","Invalid format of {Row} row in {Category} category","Ongeldig formaat van {Row} rij {Category} categorie"
"Is Default","Is Default","Is standaard"
"Is Enabled","Is Enabled","Is ingeschakeld"
Language,Language,Taal
"Language ID","Language ID","Taal ID"
"Make copy","Make copy","Maak kopie"
"Manage existing languages","Manage Languages","Beheer talen"
"Manage Translations","Manage Translations","Beheer vertalingen"
"Manage translations in {Category} category","Manage translations in {Category} category","Beheer vertalingen in {Category} categorie"
"Missing translation for {Language}","Missing translation for {Language}","Ontbrekende vertaling voor {Language}"
"Missing translations","Missing translations","Ontbrekende vertalingen"
"New category","New category","Nieuwe categorie"
"New language {Language} has been created","New language {Language} has been created","Nieuwe taal {Language} is gemaakt"
"New phrase has been created","New phrase has been created","Nieuwe zin is gemaakt"
Phrase,Phrase,Zin
"Phrase has been translated","Phrase has been translated","Zin is vertaald"
"Please choose language you want to export","Please choose language you want to export","Kies een taal die u wilt exporteren"
Search,Search,Zoek
"The category {Category} has already been taken","The category {Category} has already been taken",
"The language {Language} doesn't exists in the system","The language {Language} doesn't exists in the system","De taal {Language} bestaat niet in het systeem"
"The language doesn't exists","The language doesn't exists","Deze taal bestaat niet"
"The language must contain at least one category","The language must contain at least one category","De taal moet minstens een categorie bevatten"
"The phrase with ID {ID} doesn't exists","The phrase with ID {ID} doesn't exists","De zin met id {ID} bestaat niet"
"This means that if there is a phrase translation it will be replaced","This means that if there is a phrase translation it will be replaced","Dit betekent dat als er een zin vertaling bestaat dan zal deze wordenvervangen"
"This phrase already exists in {Category} category","This phrase already exists in {Category} category","Deze zin bestaat al in {categorie} categorie"
"Translate phrase","Translate phrase","Vertaal zin"
Translation,Translation,Vertaling
"Translations for {Language} language have been imported","Translations for {Language} language have been imported","Vertalingen voor {Language} taal zijn geimporteert"
"Unable to create stream from {File} file","Unable to create stream from {File} file","Niet in staat om bestand {File} uit te pakken"
"You are able upload only ZIP file","You are able upload only ZIP file","Je kan alleen ZIP bestanden uploaden"
"You need to install ZipArchive package","You need to install ZipArchive package","U moet ZipArchive pakket installeren"
"Zip file (translations)","Zip file (translations)","Zip file (vertaling)"
