phrase,source_en,translation
"{Brandname} administration","{Brandname} administration","{Brandname} Administratie"
"Dear {Name}","Dear {Name}","Beste {Name}"
"Forgot password?","Forgot password?","Paswoord vergeten?"
"Please, do not reply to this message","Please, do not reply to this message","Je kunt niet antwoorden op dit bericht"
Regards,Regards,"Vriendelijke groet"
"Thank you for registration","Thank you for registration","Bedankt voor je registratie"
"Thank you for registration at {BranUrl}. Click here: {VerifyUrl}","Thank your for your registration at {BranUrl}. To activate your account please follow this link: {VerifyUrl}","Bedankt voor je registratie bij {BranUrl}. Om je accout te aktiveren gebruik de volgende link: {VerifyUrl}"
"To reset password open following link: {RecoveryLink} and enter new password.","To reset password open following link: {RecoveryLink} and enter new password.","Om je wachtwoord te resetten gebruik de link: {RecoveryLink} en voer een nieuw wachtwoord in."
"We've received a request from you to reset a password. If you didn't do it, then just ignore this message.","We've received a request from you to reset a password. If you didn't do it, then just ignore this message.","We hebben een verzoek voor een nieuw wachtwoord. Als je het niet gedaan hebt, dan gewoon dit bericht negeren."
"You got new message!","You got new message!","Je hebt een nieuw bericht"
"You've received new message from {Name}. Open following link to see a message: {messageLink}","You've received new message from {Name}. Open following link to see a message: {messageLink}","Je hebt een nieuw bericht van {Name}. Gebruik de volgende link om het bericht te openen: {messageLink}"
