phrase,source_en,translation
"{BrandName} | Atom feed","{BrandName} | Atom feed","{BrandName} | Atom feed"
"{BrandName} | RSS feed","{BrandName} | RSS feed","{BrandName} | RSS feed"
"{NumberOfMsg} Messages","{NumberOfMsg} Messages","{NumberOfMsg} Berichten"
"Added at","Added at","Toegevoegd op"
All,All,Alle
"Are you sure you want to delete this item?","Are you sure you want to delete this item?","Bent u er zeker van dat u deze item wilt verwijderen?"
Atom,Atom,Atom
"Buy Websites","Buy Websites","Websites Kopen"
"Click here","Click here","Klik hier"
Create,Create,Maak
Delete,Delete,Delete
"Developed by {Developer}","Developed by {Developer}","Ontwikkeld door {Developer}"
"Displaying {start}-{end} of {count} results.","Displaying {start}-{end} of {count} results.","Getoond {start}-{einde} van {count} resultaten."
Edit,Edit,Bewerken
"Hello, {Username}","Hello, {Username}","Hallo, {Username}"
Home,Home,Start
ID,ID,ID
Inbox,Inbox,Inbox
Language,Language,Taal
Logout,Logout,Afmelden
"Not on sale","Not on sale","Niet te koop"
"Nothing found","Nothing found","Niets gevonden"
"On sale","On sale","In de verkoop"
Optional,Optional,Optioneel
OR,OR,OF
page_privacy_link,"Privacy Policy",Privacybeleid
page_terms_link,"Terms and Conditions",Voorwaarden
"Please choose category","Please choose category","Kies categorie"
"Remove all records","Remove all records","Verwijder alle records"
RSS,RSS,RSS
"See all messages","See all messages","Bekijk alle berichten"
"Sell Websites","Sell Websites","Verkoop Websites"
Settings,Settings,Instellingen
"Sign in","Sign in",Aanmelden
Submit,Submit,Indienen
"Toggle navigation","Toggle navigation",Navigatie
Top,Top,Top
Upcoming,Upcoming,Aankomende
Update,Update,Updaten
"Verification code","Verification code",Verificatiecode
View,View,Bekijk
