phrase,source_en,translation
"Action ""{action}"" does not exist in ""{controller}"".","Action ""{action}"" does not exist in ""{controller}"".","Actie ""{action}"" bestaat niet in ""{controller}""."
"All records have been removed","All records have been removed","Alle records zijn verwijderd"
"An error has occurred while trying to confirm your email. Please try again later.","An error has occurred while trying to confirm your email. Please try again later.","Er is een fout opgetreden bij uw e-mail te bevestigen. Probeer het later opnieuw."
"An error occurred while sending email","An error occurred while sending email","Er is een fout opgetreden bij het versturen van de e-mail"
"An internal error occurred. Please try again later","An internal error occurred. Please try again later","Er is een interne fout opgetreden. Probeer het later opnieuw"
Attention!,Attention!,Aandacht!
"Email has been sent","Email has been sent","E-mail is verzonden"
"Please, use mail client which support HTML markup","Please, use mail client which support HTML markup","U dient gebruik te maken van een e-mail client die HTML-opmaak ondersteunt"
"Record has been deleted","Record has been deleted","Record is verwijderd"
"Record has been successfully modified","Record has been successfully modified","Record is met succes gewijzigd"
"Server temporarily unavailable. Please, try to register a little bit later","Server temporarily unavailable. Please, try to register a little bit later","Server tijdelijk niet beschikbaar. Probeer alsjeblieft later te registreren"
"Server temporarily unavailable. Try again later.","Server temporarily unavailable. Try again later.","Server tijdelijk niet beschikbaar. Probeer het later opnieuw."
"The page you are looking for doesn't exists","The page you are looking for doesn't exist","De pagina die u zoekt bestaat niet"
"The token is expired or does not valid. Please, try to register new account","The token is expired or does not valid. Please, try to register new account","Het token is verlopen of is niet geldig. Alsjeblieft, probeer een nieuwe account te registreren"
"Unable to find user in database","Unable to find user in database","Gebruiker is niet te vinden in database"
"We've sent you email with instructions. Please check your inbox","We've sent you email with instructions. Please check your inbox","We hebben je een email gestuurd met instructies. Kijk in je inbox"
