phrase,source_en,translation
page_terms_meta_description,"These terms and conditions outline the rules and regulations for the use of {app_name}.","In deze algemene voorwaarden worden de regels en voorschriften beschreven voor het gebruik van {app_name}."
page_terms_meta_keywords,"terms and conditions",voorwaarden
page_terms_meta_title,"Terms and Conditions",Voorwaarden
page_terms_text,"<p>These terms and conditions outline the rules and regulations for the use of {app_name}.</p>
<p>By accessing this website we assume you accept these terms and conditions. Do not continue to use {app_name} if you do not agree to take all of the terms and conditions stated on this page.</p>
<p>The following terminology applies to these Terms and Conditions, Privacy Statement and Disclaimer Notice and all Agreements: “Client”, “You” and “Your” refers to you, the person log on this website and compliant to the Company's terms and conditions. “The Company”, “Ourselves”, “We”, “Our” and “Us”, refers to our Company. “Party”, “Parties”, or “Us”, refers to both the Client and ourselves. All terms refer to the offer, acceptance and consideration of payment necessary to undertake the process of our assistance to the Client in the most appropriate manner for the express purpose of meeting the Client's needs in respect of provision of the Company's stated services, in accordance with and subject to, prevailing law of Netherlands. Any use of the above terminology or other words in the singular, plural, capitalization and/or he/she or they, are taken as interchangeable and therefore as referring to same.</p>
<h2>Cookies</h2>
<p>We employ the use of cookies. By accessing {app_name}, you agreed to use cookies in agreement with the <a href='{privacy_url}'>Privacy Policy</a>.</p>
<p>Most interactive websites use cookies to let us retrieve the user's details for each visit. Cookies are used by our website to enable the functionality of certain areas to make it easier for people visiting our website. Some of our affiliate/advertising partners may also use cookies.</p>
<h2>License</h2>
<p>You must not:</p>
<ul>
<li>Republish material from {app_name}</li>
<li>Sell, rent or sub-license material from {app_name}</li>
<li>Reproduce, duplicate or copy material from {app_name}</li>
<li>Redistribute content from {app_name}</li>
</ul>
<p>This Agreement shall begin on the date hereof.</p>
<h2>iFrames</h2>
<p>Without prior approval and written permission, you may not create frames around our Webpages that alter in any way the visual presentation or appearance of our Website.</p>
<h2>Content Liability</h2>
<p>We shall not be hold responsible for any content that appears on your Website. You agree to protect and defend us against all claims that is rising on your Website. No link(s) should appear on any Website that may be interpreted as libelous, obscene or criminal, or which infringes, otherwise violates, or advocates the infringement or other violation of, any third party rights.</p>
<h2>Reservation of Rights</h2>
<p>We reserve the right to request that you remove all links or any particular link to our Website. You approve to immediately remove all links to our Website upon request. We also reserve the right to amen these terms and conditions and it's linking policy at any time. By continuously linking to our Website, you agree to be bound to and follow these linking terms and conditions.</p>
<h2>Removal of links from our website</h2>
<p>If you find any link on our Website that is offensive for any reason, you are free to contact and inform us any moment. We will consider requests to remove links but we are not obligated to or so or to respond to you directly.</p>
<p>We do not ensure that the information on this website is correct, we do not warrant its completeness or accuracy; nor do we promise to ensure that the website remains available or that the material on the website is kept up to date.</p>
<h2>Disclaimer</h2>
<p>To the maximum extent permitted by applicable law, we exclude all representations, warranties and conditions relating to our website and the use of this website. Nothing in this disclaimer will:</p>
<ul>
<li>limit or exclude our or your liability for death or personal injury;</li>
<li>limit or exclude our or your liability for fraud or fraudulent misrepresentation;</li>
<li>limit any of our or your liabilities in any way that is not permitted under applicable law; or</li>
<li>exclude any of our or your liabilities that may not be excluded under applicable law.</li>
</ul>
<p>The limitations and prohibitions of liability set in this Section and elsewhere in this disclaimer: (a) are subject to the preceding paragraph; and (b) govern all liabilities arising under the disclaimer, including liabilities arising in contract, in tort and for breach of statutory duty.</p>
<p>As long as the website and the information and services on the website are provided free of charge, we will not be liable for any loss or damage of any nature.</p>","<p>Deze algemene voorwaarden beschrijven de regels en voorschriften voor het gebruik van {app_name}.</p>
<p>Door deze website te bezoeken gaan we ervan uit dat u deze algemene voorwaarden accepteert. Blijf {app_name} niet gebruiken als u niet akkoord gaat met alle algemene voorwaarden die op deze pagina staan vermeld.</p>
<p>De volgende terminologie is van toepassing op deze Algemene Voorwaarden, Privacyverklaring en Disclaimer en alle Overeenkomsten: “Klant”, “U” en “Uw” verwijst naar u, de persoon die op deze website inlogt en voldoet aan de voorwaarden en bepalingen van het Bedrijf. voorwaarden. “Het Bedrijf”, “Onszelf”, “Wij”, “Onze” en “Ons” verwijst naar ons Bedrijf. “Partij”, “Partijen” of “Ons” verwijst naar zowel de Klant als onszelf. Alle voorwaarden verwijzen naar het aanbod, de aanvaarding en de overweging van de betaling die nodig is om het proces van onze hulp aan de Klant op de meest geschikte manier uit te voeren met het uitdrukkelijke doel om te voldoen aan de behoeften van de Klant met betrekking tot de levering van de vermelde diensten van het Bedrijf, in overeenstemming met en onderworpen aan de geldende wetgeving van Nederland. Elk gebruik van de bovenstaande terminologie of andere woorden in het enkelvoud, meervoud, hoofdlettergebruik en/of hij/zij of zij worden als onderling verwisselbaar beschouwd en daarom als verwijzingen naar hetzelfde.</p>
<h2>Cookies</h2>
<p>Wij maken gebruik van cookies. Door {app_name} te openen, gaat u akkoord met het gebruik van cookies in overeenstemming met het <a href='{privacy_url}'>Privacybeleid</a>.</p>
<p>De meeste interactieve websites gebruiken cookies zodat wij bij elk bezoek de gebruikersgegevens kunnen ophalen. Cookies worden door onze website gebruikt om de functionaliteit van bepaalde gebieden mogelijk te maken en het voor mensen gemakkelijker te maken onze website te bezoeken. Sommige van onze aangesloten/advertentiepartners kunnen ook cookies gebruiken.</p>
<h2>Licentie</h2>
<p>Je mag het volgende niet doen:</p>
<ul>
<li>Publiceer materiaal van {app_name}</li> opnieuw
<li>Verkoop, huur of sublicentieer materiaal van {app_name}</li>
<li>Reproduceer, dupliceer of kopieer materiaal van {app_name}</li>
<li>Content opnieuw distribueren vanuit {app_name}</li>
</ul>
<p>Deze Overeenkomst gaat in op de datum hiervan.</p>
<h2>iFrames</h2>
<p>Zonder voorafgaande goedkeuring en schriftelijke toestemming mag u geen frames rond onze webpagina's maken die op enigerlei wijze de visuele presentatie of het uiterlijk van onze website wijzigen.</p>
<h2>Aansprakelijkheid voor inhoud</h2>
<p>Wij zijn niet verantwoordelijk voor de inhoud die op uw website verschijnt. U stemt ermee in ons te beschermen en te verdedigen tegen alle claims die op uw website worden ingediend. Op geen enkele website mogen link(s) verschijnen die kunnen worden geïnterpreteerd als lasterlijk, obsceen of crimineel, of die inbreuk maken op de rechten van derden, deze anderszins schenden of de inbreuk of andere schending ervan bepleiten.</p>
<h2>Voorbehoud van rechten</h2>
<p>Wij behouden ons het recht voor om u te verzoeken alle links of een bepaalde link naar onze website te verwijderen. U stemt ermee in om op verzoek onmiddellijk alle links naar onze website te verwijderen. We behouden ons ook het recht voor om deze algemene voorwaarden en het bijbehorende beleid op elk moment te wijzigen. Door voortdurend naar onze website te linken, gaat u ermee akkoord gebonden te zijn aan deze linkvoorwaarden en deze te volgen.</p>
<h2>Verwijdering van links van onze website</h2>
<p>Als u een link op onze website aantreft die om welke reden dan ook aanstootgevend is, kunt u op elk moment contact met ons opnemen en ons hiervan op de hoogte stellen. We zullen verzoeken om links te verwijderen in overweging nemen, maar we zijn niet verplicht om dat te doen of om rechtstreeks op u te reageren.</p>
<p>Wij garanderen niet dat de informatie op deze website correct is, wij garanderen de volledigheid of nauwkeurigheid ervan niet; noch beloven wij ervoor te zorgen dat de website beschikbaar blijft of dat het materiaal op de website actueel wordt gehouden.</p>
<h2>Disclaimer</h2>
<p>Voor zover maximaal toegestaan door de toepasselijke wetgeving, sluiten wij alle verklaringen, garanties en voorwaarden met betrekking tot onze website en het gebruik van deze website uit. Niets in deze disclaimer zal:</p>
<ul>
<li>onze of uw aansprakelijkheid voor overlijden of persoonlijk letsel beperken of uitsluiten;</li>
<li>onze of uw aansprakelijkheid voor fraude of frauduleuze verkeerde voorstelling van zaken beperken of uitsluiten;</li>
<li>beperk onze of uw aansprakelijkheid op een manier die niet is toegestaan onder de toepasselijke wetgeving; of</li>
<li>sluit al onze of uw aansprakelijkheid uit die niet mag worden uitgesloten onder de toepasselijke wetgeving.</li>
</ul>
<p>De beperkingen en verboden van aansprakelijkheid die in deze sectie en elders in deze disclaimer worden uiteengezet: (a) zijn onderworpen aan de voorgaande paragraaf; en (b) zijn van toepassing op alle aansprakelijkheden die voortvloeien uit de disclaimer, inclusief aansprakelijkheden die voortvloeien uit een contract, onrechtmatige daad en wegens schending van wettelijke verplichtingen.</p>
<p>Zolang de website en de informatie en diensten op de website gratis worden aangeboden, zijn wij niet aansprakelijk voor verlies of schade van welke aard dan ook.</p>"
page_terms_title,"Terms and Conditions",Voorwaarden
