phrase,source_en,translation
page_privacy_meta_description,"At {app_name}, one of our main priorities is the privacy of our visitors. This Privacy Policy document contains types of information that is collected and recorded by {app_name} and how we use it.","Bij {app_name} is een van onze belangrijkste prioriteiten de privacy van onze bezoekers. Dit Privacybeleid-document bevat soorten informatie die wordt verzameld en vastgelegd door {app_name} en hoe we deze gebruiken."
page_privacy_meta_keywords,"privacy policy",privacybeleid
page_privacy_meta_title,"Privacy Policy",Privacybeleid
page_privacy_text,"<p>At {app_name}, one of our main priorities is the privacy of our visitors. This Privacy Policy document contains types of information that is collected and recorded by {app_name} and how we use it.</p>
<p>This privacy policy applies only to our online activities and is valid for visitors to our website with regards to the information that they shared and/or collect in {app_name}. This policy is not applicable to any information collected offline or via channels other than this website.</p>
<h2>Consent</h2>
<p>By using our website, you hereby consent to our Privacy Policy and agree to its terms.</p>
<h2>Information we collect</h2>
<p>The personal information that you are asked to provide is required to provide you with the service, and it is securely stored or, in the case of the contact form is not stored at all.</p>
<h2>How we use your information</h2>
<p>We use the information we collect in various ways, including to:</p>
<ul>
<li>Provide, operate, and maintain our website</li>
<li>Improve, personalize, and expand our website</li>
<li>Understand and analyze how you use our website</li>
<li>Develop new products, services, features, and functionality</li>
<li>Communicate with you, either directly or through one of our partners, including for customer service, to provide you with updates and other information relating to the website, and for marketing and promotional purposes</li>
<li>Find and prevent fraud</li>
</ul>
<h2>Log Files</h2>
<p>{app_name} follows a standard procedure of using log files. These files log visitors when they visit websites. All hosting companies do this and a part of hosting services' analytics. The information collected by log files include internet protocol (IP) addresses, browser type, Internet Service Provider (ISP), date and time stamp, referring/exit pages, and possibly the number of clicks. These are not linked to any information that is personally identifiable. The purpose of the information is for analyzing trends, administering the site, tracking users' movement on the website, and gathering demographic information.</p>
<h2>Cookies and Web Beacons</h2>
<p>Like any other website, {app_name} uses ‘cookies'. These cookies are used to store information including visitors' preferences, and the pages on the website that the visitor accessed or visited. The information is used to optimize the users' experience by customizing our web page content based on visitors' browser type and/or other information.</p>
<h2>DoubleClick DART Cookie</h2>
<p>Google is one of a third-party vendor on our site. It also uses cookies, known as DART cookies, to serve ads to our site visitors based upon their visit to www.website.com and other sites on the internet. However, visitors may choose to decline the use of DART cookies by visiting the Google ad and content network Privacy Policy at the following URL – <a href='https://policies.google.com/technologies/ads' target='_blank'>https://policies.google.com/technologies/ads</a>.</p>
<p>Some of advertisers on our site may use cookies and web beacons. Our advertising partners are listed below. Each of our advertising partners has their own Privacy Policy for their policies on user data. For easier access, we hyperlinked to their Privacy Policies below.</p>
<ul><li><a href='https://policies.google.com/technologies/ads' target='_blank'>Google</a></li></ul>
<h2>Advertising Partners Privacy Policies</h2>
<p>Third-party ad servers or ad networks uses technologies like cookies, JavaScript, or Web Beacons that are used in their respective advertisements and links that appear on {app_name}, which are sent directly to users' browser. They automatically receive your IP address when this occurs. These technologies are used to measure the effectiveness of their advertising campaigns and/or to personalize the advertising content that you see on websites that you visit.</p>
<p>Note that {app_name} has no access to or control over these cookies that are used by third-party advertisers.</p>
<h2>Third-Party Privacy Policies</h2>
<p>{app_name} Privacy Policy does not apply to other advertisers or websites. Thus, we are advising you to consult the respective Privacy Policies of these third-party ad servers for more detailed information.</p>
<p>You can choose to disable cookies through your individual browser options. To know more detailed information about cookie management with specific web browsers, it can be found at the browsers' respective websites. What Are Cookies?</p>
<h2>CCPA Privacy Policy (Do Not Sell My Personal Information)</h2>
<p>Under the CCPA, among other rights, California consumers have the right to:</p>
<ul>
<li>Request that a business that collects a consumer's personal data disclose the categories and specific pieces of personal data that a business has collected about consumers.</li>
<li>Request that a business delete any personal data about the consumer that a business has collected.</li>
<li>Request that a business that sells a consumer's personal data, not sell the consumer's personal data.</li>
<li>If you make a request, we have one month to respond to you. If you would like to exercise any of these rights, please contact us.</li>
</ul>
<h2>GDPR Privacy Policy (Data Protection Rights)</h2>
<p>We would like to make sure you are fully aware of all of your data protection rights. Every user is entitled to the following:</p>
<ul>
<li>The right to access – You have the right to request copies of your personal data. We may charge you a small fee for this service.</li>
<li>The right to rectification – You have the right to request that we correct any information you believe is inaccurate. You also have the right to request that we complete the information you believe is incomplete.</li>
<li>The right to erasure – You have the right to request that we erase your personal data, under certain conditions.</li>
<li>The right to restrict processing – You have the right to request that we restrict the processing of your personal data, under certain conditions.</li>
<li>The right to object to processing – You have the right to object to our processing of your personal data, under certain conditions.</li>
<li>The right to data portability – You have the right to request that we transfer the data that we have collected to another organization, or directly to you, under certain conditions.</li>
<li>If you make a request, we have one month to respond to you. If you would like to exercise any of these rights, please contact us.</li>
</ul>
<h2>Children's Information</h2>
<p>Another part of our priority is adding protection for children while using the internet. We encourage parents and guardians to observe, participate in, and/or monitor and guide their online activity.</p>
<p>{app_name} does not knowingly collect any Personal Identifiable Information from children under the age of 13. If you think that your child provided this kind of information on our website, we strongly encourage you to contact us immediately and we will do our best efforts to promptly remove such information from our records.</p>","<p>Bij {app_name} is een van onze belangrijkste prioriteiten de privacy van onze bezoekers. Dit Privacybeleid-document bevat soorten informatie die wordt verzameld en vastgelegd door {app_name} en hoe we deze gebruiken.</p>
<p>Dit privacybeleid is alleen van toepassing op onze online activiteiten en is geldig voor bezoekers van onze website met betrekking tot de informatie die zij hebben gedeeld en/of verzameld in {app_name}. Dit beleid is niet van toepassing op informatie die offline of via andere kanalen dan deze website wordt verzameld.</p>
<h2>Toestemming</h2>
<p>Door onze website te gebruiken, stemt u hierbij in met ons privacybeleid en gaat u akkoord met de voorwaarden ervan.</p>
<h2>Informatie die we verzamelen</h2>
<p>De persoonlijke gegevens die u wordt gevraagd te verstrekken, zijn nodig om u de dienst te kunnen leveren en worden veilig opgeslagen of, in het geval van het contactformulier, helemaal niet.</p>
<h2>Hoe we uw informatie gebruiken</h2>
<p>We gebruiken de informatie die we verzamelen op verschillende manieren, waaronder om:</p>
<ul>
<li>Het aanbieden, exploiteren en onderhouden van onze website</li>
<li>Onze website verbeteren, personaliseren en uitbreiden</li>
<li>Begrijp en analyseer hoe u onze website gebruikt</li>
<li>Ontwikkel nieuwe producten, services, functies en functionaliteit</li>
<li>Met u communiceren, rechtstreeks of via een van onze partners, inclusief voor klantenservice, om u te voorzien van updates en andere informatie met betrekking tot de website, en voor marketing- en promotiedoeleinden</li>
<li>Zoek en voorkom fraude</li>
</ul>
<h2>Logbestanden</h2>
<p>{app_name} volgt een standaardprocedure voor het gebruik van logbestanden. Deze bestanden registreren bezoekers wanneer ze websites bezoeken. Alle hostingbedrijven doen dit en een deel van de analyses van hostingdiensten. De informatie die door logbestanden wordt verzameld, omvat internetprotocoladressen (IP), browsertype, internetprovider (ISP), datum- en tijdstempel, verwijzende/exitpagina's en mogelijk het aantal klikken. Deze zijn niet gekoppeld aan informatie die persoonlijk identificeerbaar is. Het doel van de informatie is het analyseren van trends, het beheren van de site, het volgen van de bewegingen van gebruikers op de website en het verzamelen van demografische informatie.</p>
<h2>Cookies en webbakens</h2>
<p>Net als elke andere website maakt {app_name} gebruik van 'cookies'. Deze cookies worden gebruikt om informatie op te slaan, waaronder de voorkeuren van bezoekers en de pagina's op de website die de bezoeker heeft bezocht of bezocht. De informatie wordt gebruikt om de gebruikerservaring te optimaliseren door de inhoud van onze webpagina's aan te passen op basis van het browsertype van de bezoekers en/of andere informatie.</p>
<h2>DoubleClick DART-cookie</h2>
<p>Google is een van de externe leveranciers op onze site. Het maakt ook gebruik van cookies, bekend als DART-cookies, om advertenties aan bezoekers van onze site weer te geven op basis van hun bezoek aan www.website.com en andere sites op internet. Bezoekers kunnen er echter voor kiezen om het gebruik van DART-cookies te weigeren door het privacybeleid van het advertentie- en inhoudsnetwerk van Google te bezoeken op de volgende URL: <a href='https://policies.google.com/technologies/ads' target='_blank '>https://policies.google.com/technologies/ads</a>.</p>
<p>Sommige adverteerders op onze site kunnen cookies en webbakens gebruiken. Hieronder vindt u onze advertentiepartners. Al onze advertentiepartners hebben hun eigen privacybeleid voor hun beleid met betrekking tot gebruikersgegevens. Voor eenvoudigere toegang hebben we hieronder een hyperlink naar hun privacybeleid gemaakt.</p>
<ul><li><a href='https://policies.google.com/technologies/ads' target='_blank'>Google</a></li></ul>
<h2>Privacybeleid van advertentiepartners</h2>
<p>Advertentieservers of advertentienetwerken van derden gebruiken technologieën zoals cookies, JavaScript of webbakens die worden gebruikt in hun respectievelijke advertenties en links die verschijnen op {app_name} en die rechtstreeks naar de browser van de gebruiker worden verzonden. Zij ontvangen automatisch uw IP-adres wanneer dit gebeurt. Deze technologieën worden gebruikt om de effectiviteit van hun advertentiecampagnes te meten en/of om de advertentie-inhoud die u ziet op websites die u bezoekt te personaliseren.</p>
<p>Houd er rekening mee dat {app_name} geen toegang heeft tot of controle heeft over deze cookies die worden gebruikt door externe adverteerders.</p>
<h2>Privacybeleid van derden</h2>
<p>{app_name} Het privacybeleid is niet van toepassing op andere adverteerders of websites. Daarom adviseren wij u om het respectieve privacybeleid van deze advertentieservers van derden te raadplegen voor meer gedetailleerde informatie.</p>
<p>U kunt ervoor kiezen om cookies uit te schakelen via uw individuele browseropties. Voor meer gedetailleerde informatie over het cookiebeheer met specifieke webbrowsers kunt u deze vinden op de respectievelijke websites van de browsers. Wat zijn cookies?</p>
<h2>CCPA-privacybeleid (verkoop mijn persoonlijke gegevens niet)</h2>
<p>Volgens de CCPA hebben consumenten in Californië onder andere het recht om:</p>
<ul>
<li>Verzoeken dat een bedrijf dat de persoonlijke gegevens van een consument verzamelt, de categorieën en specifieke stukjes persoonlijke gegevens bekendmaakt die een bedrijf over consumenten heeft verzameld.</li>
<li>Verzoeken dat een bedrijf alle persoonlijke gegevens over de consument verwijdert die een bedrijf heeft verzameld.</li>
<li>Verzoek dat een bedrijf dat de persoonlijke gegevens van een consument verkoopt, de persoonlijke gegevens van de consument niet verkoopt.</li>
<li>Als u een verzoek indient, hebben wij één maand de tijd om op u te reageren. Als u een van deze rechten wilt uitoefenen, neem dan contact met ons op.</li>
</ul>
<h2>AVG-privacybeleid (gegevensbeschermingsrechten)</h2>
<p>We willen er zeker van zijn dat u volledig op de hoogte bent van al uw gegevensbeschermingsrechten. Elke gebruiker heeft recht op het volgende:</p>
<ul>
<li>Het recht op toegang – U heeft het recht om kopieën van uw persoonlijke gegevens op te vragen. Voor deze service kunnen wij u een kleine vergoeding in rekening brengen.</li>
<li>Het recht op rectificatie – U heeft het recht om te verzoeken dat wij informatie corrigeren waarvan u denkt dat deze onjuist is. U heeft ook het recht om te verzoeken dat wij de informatie aanvullen waarvan u denkt dat deze onvolledig is.</li>
<li>Het recht op verwijdering – U heeft het recht om ons te verzoeken uw persoonlijke gegevens te wissen, onder bepaalde voorwaarden.</li>
<li>Het recht om de verwerking te beperken – U heeft het recht om ons te verzoeken de verwerking van uw persoonlijke gegevens te beperken, onder bepaalde voorwaarden.</li>
<li>Het recht om bezwaar te maken tegen de verwerking – U heeft het recht om onder bepaalde voorwaarden bezwaar te maken tegen onze verwerking van uw persoonlijke gegevens.</li>
<li>Het recht op gegevensportabiliteit – U heeft het recht om te verzoeken dat wij de gegevens die wij hebben verzameld, onder bepaalde voorwaarden overdragen aan een andere organisatie, of rechtstreeks aan u.</li>
<li>Als u een verzoek indient, hebben wij één maand de tijd om op u te reageren. Als u een van deze rechten wilt uitoefenen, neem dan contact met ons op.</li>
</ul>
<h2>Kinderinformatie</h2>
<p>Een ander onderdeel van onze prioriteit is het toevoegen van bescherming voor kinderen tijdens het internetgebruik. We moedigen ouders en voogden aan om hun online activiteiten te observeren, eraan deel te nemen en/of te monitoren en te begeleiden.</p>
<p>{app_name} verzamelt niet bewust persoonlijk identificeerbare informatie van kinderen jonger dan 13 jaar. Als u denkt dat uw kind dit soort informatie op onze website heeft verstrekt, raden wij u ten zeerste aan onmiddellijk contact met ons op te nemen en wij zullen ons best doen doen onze uiterste best om dergelijke informatie onmiddellijk uit onze administratie te verwijderen.</p>"
page_privacy_title,"Privacy Policy",Privacybeleid
