phrase,source_en,translation
"{Many} days ago","{Many} days ago","{Many} dagen geleden"
"{Many} hours ago","{Many} hours ago","{Many} rren geleden"
"{Many} minutes ago","{Many} minutes ago","{Many} minuten geleden"
"{Many} months ago","{Many} months ago","{Many} maanden geleden"
"{Many} years ago","{Many} years ago","{Many} jaren geleden"
"{One} day ago","{One} day ago","{One} dag geleden"
"{One} hour ago","{One} hour ago","{One} uur geleden"
"{One} minute ago","{One} minute ago","{One} minuut geleden"
"{One} month ago","{One} month ago","{One} maand geleden"
"{One} year ago","{One} year ago","{One} jaar geleden"
Action,Action,Aktie
"Back to Inbox","Back to inbox","Terug naar inbox"
"Block Sender","Block Sender","Blokkeer afzender"
"Blocked at","Blocked at","Geblokkeerde bij"
"Blocked users","Blocked users","Geblokkeerde gebruikers"
Chat,Chat,Chat
"Chat with {Username}","Chat with {Username}","Chat met {Username}"
"Completely remove","Completely remove","Volledig verwijderen"
folder_important,Important,Belangrijk
folder_inbox,Inbox,Inbox
folder_sent,"Sent Items","Verzonden Items"
folder_starred,Starred,"Met ster"
folder_trash,Trash,Trash
I'm,I'm,Ik
"Just now","Just now","Juist nu"
Loading...,Loading...,Laaden...
"Mark as Important","Mark as Important","Markeren als belangrijk"
"Mark as Read","Mark as Read","Markeren als gelezen"
"Mark as Starred","Mark as Starred","Markeren met ster"
Message,Message,Bericht
"Message has been sent","Message has been sent","Bericht is verzonden"
"Messages have been completely removed","Messages have been completely removed","Berichten zijn volledig verwijderd"
"Messages have been restored","Messages have been restored","Berichten zijn terug gezet"
"Move to Trash","Move to Trash","Naar de prullenbak verplaatsen"
"My messages","My messages","Mijn berichten"
New,New,Nieuw
"New message","New message","Nieuw bericht"
Refresh,Refresh,Vernieuwen
"Remove from Important folder","Remove from Important folder","Verwijderen uit map Belangrijk"
"Remove from Starred folder","Remove from Starred folder","Verwijderen uit Ster map"
"Removed from sale","Removed from sale","Verwijderd uit de verkoop"
"Restore from Trash folder","Restore from Trash folder","Herstellen vanaf Prullenbak"
Scammer!,Scammer!,Scammer!
"Selected messages has been marked as Important","Selected messages has been marked as Important","Geselecteerde berichten is gemarkeerd als belangrijk"
"Selected messages have been marked as read","Selected messages have been marked as read","Geselecteerde berichten zijn gemarkeerd als gelezen"
"Selected messages have been moved to Starred folder","Selected messages have been moved to Starred folder","Geselecteerde berichten zijn verplaatst naar de map met ster"
"Selected messages have been moved to trash folder","Selected messages have been moved to trash folder","Geselecteerde berichten zijn verplaatst naar Prullenbak"
"Selected messages have been removed from Important folder","Selected messages have been removed from Important folder",
"Selected messages have been removed from Starred folder","Selected messages have been removed from Starred folder","Geselecteerde berichten zijn verwijderd uit de map met ster"
"Send message","Send message","Verstuur bericht"
"The website has been sold or removed from sales.","The website has been sold or removed from sales.","De website is verkocht of verwijderd uit de verkoop."
"This user has blocked you","This user has blocked you","Deze gebruiker u heeft geblokkeerd"
"Type your message here...","Type your message here...","Typ hier je bericht ..."
"Unauthorized users can not send messages","Unauthorized users can not send messages","Onbevoegde gebruikers kunnen geen berichten verzenden"
Unblock,Unblock,Deblokkeren
"User has been blocked","User has been blocked","Gebruiker werd geblokkeerd"
"User has been blocked and marked as a spammer","User has been blocked and marked as a spammer","Gebruiker werd geblokkeerd en gemarkeerd als een spammer"
"User has been unblocked","User has been unblocked","Gebruiker is gedeblokkeerd"
"You are forbidden to send messages","You are forbidden to send messages","U mag geen berichten te verzenden"
"You can't send message to yourself","You can't send message to yourself","Je mag geen bericht naar jezelf sturen"
"You have blocked this user. {Click here} to unblock","You have blocked this user. {Click here} to unblock","Je hebt deze gebruiker geblokkeerd. {Klik hier} te deblokkeren"
