phrase,source_en,translation
Category,Category,Categorie
"Congratulations. Your website/domain is on sale","Congratulations. Your website/domain is on sale","Gefeliciteerd. Uw website / domeinnaam staat te koop"
Domain/Website,Domain/Website,Domain/Website
Field,Field,Veld
"Fill out the form","Fill out the form","Vul het formulier in"
"Information has been updated","Information has been updated","Informatie is bijgewerkt"
"Insert widget on your main page and click ""verify"" button. Feel free to modify HTML/CSS, but leave do follow link.","Insert widget on your main page and click ""verify"" button. Feel free to modify HTML/CSS, but leave do follow link.","Zet de widget op je hoofdpagina en klik op ""verifiëren"" knop. Voel je vrij om HTML / CSS te wijzigen, maar laat de volg link intact."
"My Websites/Domains on Sale","My Websites/Domains on Sale","Mijn Websites / domeinen in de aanbieding"
"Nothing is sold","Nothing is for sale","Niets is verkocht"
"Put up for sale","Put up for sale","Te koop aangeboden"
"Remove from sale","Remove from sale","Verwijderen uit verkoop"
"Sell Website/Domain","Sell Website/Domain","Verkoop Website / Domein"
"The website is already on sale","The website is already on sale","De website is al te koop"
"The widget has been found","The widget has been found","De widget is gevonden"
"The widget has not been found","The widget has not been found","De widget is niet gevonden"
Value,Value,Waarde
Verify,Verify,Verifiëren
"Visit website","Visit website","Bezoek website"
"Website {Domain} has been removed from sale","Website {Domain} has been removed from sale","Website {Domain} is verwijderd uit de verkoop"
