phrase,source_en,translation
"{Portal} allows people you to sell your website.","{Portal} allows people you to sell your website or domain name and allow people contact with you who may interest with your website/domain.","{Portal} stelt mensen in de gelegenheid om uw website of de domeinnaam te verkopen en mensen, die interesse hebben in uw website of domeinnaam, in staat stellen contact met u op te nemen."
"After analysis and calculation of your website price done, click ""Sell my website/domain""","After analysis and calculation of your website price done, click ""Sell my website/domain"" link under Widgets section. Or click Dashboard link on the menu.","Na analyse en berekening van de waarde van uw website, klikt u op ""Verkoop mijn website / domein"" link onder Widgets sectie. Of klik Dashboard koppeling in het menu."
"And wait for people contact with you.","And wait for people contact with you. If anybody interesting with your website/domain name, you will receive an e-mail from your potential buyer including his/her contact information.","En wacht tot de mensen contact met u opnemen. Als iemand interessant in uw website / domeinnaam heeft, ontvangt u een e-mail van uw potentiële koper inclusief zijn / haar contactgegevens."
"Check websites and domains on sale","Check websites and domains on sale","Controleer websites en domeinen te koop"
"Check your domain/website listed on {Buy Websites} page","Check your domain/website listed on {Buy Websites} page.","Controleer uw domein / website genoteerd op {Buy Websites} pagina website."
"Check your website/domain on {Portal}","Check your website/domain on {Portal} (Open {Portal} home page and write your website/domain name then click ""Calculate"").","Controleer uw website / domein {Portal} (Open {Portal} home page en schrijf uw website / domeinnaam en klik op ""Bereken"")."
"Do you want to sell your website, sell your domain name?","Do you want to sell your website, sell your domain name?","Wilt u uw website of uw domeinnaam verkopen?"
"Register/Login to {Portal}","Register/Login to {Portal}.","Registreer / Meld je aan {Portal}."
"Sale instruction description","How to sell my website or domain on {Portal}","Hoe moet ik mijn website of domein verkopen op {Portal}"
"Sale instruction page keywords","sell domain,sell website,sell website for free,sell domain for free,sell my domain,sell my website","domein  verkopen, website verkopen ,gratis, verkopen domeinnaam gratis, mijn domein te verkopen, mijn website verkopen"
"Sell Websites - Sell Domains","Sell Websites - Sell Domains","Verkoop Websites - verkoop Domeinen"
"Site Verification page opens","Site Verification page opens. Put the HTML code on your website main(root) page and enter the information that asked. And click ""Verify"" button. If verification done succesfully then fill out the form and your website/domain started to sell on {Portal}.","Site Verificatie wordt geopend. Zet de HTML-code op uw website main (root) en vul de informatie in die gevraagd wordt. En klik op ""Controleer"" knop. Als de verificatie met succes is gedaan dan het formulier invullen en uw website / domeinnaam begint te verkopen op {Portal}."
"To tell people that you may sell your website or sell domain","To tell people that you may sell your website or sell domain name with a good offer follow this easy instructions.","Om de mensen te vertellen dat u uw website wilt verkopen of de domeinnaam wilt verkopen met een goede aanbieding volg deze eenvoudige instructies ."
