phrase,source_en,translation
"Complain date","Complain date","Datum klacht"
Legend,Legend,Log
"Prevent {Scammer} from sending letters","Prevent {Scammer} from sending letters","Voorkom dat {Scammer} brieven kan verzenden"
"Scam reports","Scam reports","Scam rapporten"
Scammer,Scammer,Scammer
Sender,Sender,Afzender
"Sent at","Sent at","Verzonden op"
"The dialog between {Sender} and {Scammer}","The dialog between {Sender} and {Scammer}","Gesprek tussen {Sender} en {Scammer}"
"User has been restricted","User has been restricted","Gebruiker is beperkt"
"View dialog","View dialog","Bekijk gesprek"
