phrase,source_en,translation
"Access denied","Access denied","Toegang geweigerd"
"Index page description","How much is a website price? {Portal} is a free website worth calculator and domain value estimator. You Can Sell and Buy Websites and Domain names with no cost.","Hoeveel is een  website waard? {Portal} is een gratis website en domeinnaam waarde rekenmachine. Je kunt  Websites en Domeinnamen verkopen en kopen zonder enige kosten."
"Index page keywords","buy website,domain estimator,domain valuation,domain value,domain value calculator,domain value estimator,domain worth,how much is my website worth,price website,sell website,site price,site value,site value calculator,site worth,value my website,value of a website,web worth,website calculator,website price,website price calculator,website valuation,website value,website value calculator,website value checker,website value estimator,website worth,website worth calculator,website worth checker,what is my domain worth,what is my website worth,worth of web,worth of website","website, domein schatter, domein waardering, domeinwaarde, de calculator van de waarde van domein, domein waarde schatter, domein waard, hoeveel is mijn website waard, prijs website kopen, verkopen website site prijs, site waarde, site"
"Index page title","Get website cost online","Krijg website waarde online"
"Internal server error","Internal server error","Interne server error"
"Learn more","Learn more","Leer meer"
OK,OK,OK
"Page not found","Page not found","Pagina niet gevonden"
"This website uses cookies to ensure you get the best experience on our website.","This website uses cookies to ensure you get the best experience on our website.","We gebruiken cookies om de inhoud en advertenties te personaliseren, om sociale media mogelijkheden te bieden en om onze verkeer te analyseren. We delen ook informatie over uw gebruik van onze website met onze sociale media, reclame en analytics partners."
