phrase,source_en,translation
"{Click here} if you already have an account and just need to login.","{Click here} if you already have an account and just need to login.","{Click here} als je al een account hebt je hoeft dan alleen maar in te loggen."
"A confirmation email has been sent on {ConfirmationEmail}","A confirmation email has been sent on {ConfirmationEmail}. Please go to your inbox now, open the email and click on activation link.","Er is een bevestigingsmail verstuurd naar {ConfirmationEmail}. Ga naar je inbox nu, open de e-mail en klik op de activatie link."
Active,Active,Actief
Administrator,Administrator,Beheerder
"Allow send messages","Allow send messages","Toe staan om berichten sturen"
Blocked,Blocked,Geblokkeerd
"Can send message","Can send message","Verzend de bericht"
"Change Password Form","Change Password Form","Verander password formulier"
"Confirmed Email","Confirmed Email","Bevestigde E-mail"
Congratulations!,Congratulations!,Gefeliciteerd!
"Create an account","Create an account","Maak een account aan"
"Create User","Create User","Gebruiker aanmaken"
"Creating a {InstalledUrl} account is fast, easy, and free","Creating a {InstalledUrl} account is fast, easy, and free","Het creëren van een {InstalledUrl} account is snel, gemakkelijk en gratis"
"Delete user","Delete user","Wis gebruiker"
Deleted,Deleted,Vewijder
"Don't have an account yet? {Sign up now}!","Don't have an account yet? {Sign up now}!","Heeft u geen account nog? {Sign up now}!"
"Edit user data","Edit user data","Gebruikersgegevens bewerken"
Email,Email,Email
"Email confirmation","Email confirmation","Email bevestiging"
Field,Field,Veld
"Forgot password instruction","You forgot your password? No big deal. Give us your email address and we will send you you a message with some simple instructions to reset it. You will have to click the link in the email we send in order to reset your password.","Je wachtwoord vergeten? Geen probleem. Geef ons uw e-mailadres en met enkele eenvoudige instructies zullen wij u een bericht te sturen om het te resetten. U hoeft enkel op de link in de mail die we u sturen te klikken"
"Forgot your password?","Forgot your password?","Wachtwoord vergeten ?"
"Go check your email and confirm RIGHT NOW","Go check your email and confirm RIGHT NOW","Controleer U email en bevestig"
"I have read and accept the {Terms and Conditions}","I have read and accept the {Terms and Conditions}","Ik heb de {Terms and Conditions} gelezen en ga ermee akkoord"
"Incorrect old password","Incorrect old password","Onjuist oud wachtwoord"
"Invalid email or password","Invalid email or password","Ongeldig email of wachtwoord"
"Last login at","Last login at","Laatst ingelogd op"
"Last login IP Address","Last login IP Address","Laatste login IP-adres"
"Login Form","Login Form","Login formulier"
"Manage Users","Manage Users","Gebruikers beheren"
"Modified at","Modified at","Gewijzigd op"
"Need an account?","Need an account?","Een account nodig?"
"Old password","Old password","Oud wachtwoord"
"or wait, I remember!","or wait, I remember!","of wacht, ik herinner het me!"
Password,Password,Wachtwoord
"Password has been changed","Password has been changed","Wachtwoord is gewijzigd"
"Password recovery","Password recovery","Wachtwoord herstel"
"Passwords do not match","Passwords do not match","Wachtwoorden komen niet overeen"
"Please Sign In","Please Sign In","U kunt hier inloggen"
"Profile Settings","Profile Settings","Profiel instellingen"
Re-Password,Re-Password,"Wachtwoord herhalen"
"Register Form","Register Form","Registratie formulier"
"Register new account","Register new account","Registreer nieuw account"
"Registered at","Registered at","Geregistreerd bij"
"Registered IP","Registered IP","Geregistreerde met IP"
"Registration at {InstalledUrl}","Registration at {InstalledUrl}","Registratie bij {InstalledUrl}"
"Remember me","Remember me","Onthoud mij"
"Reset password","Reset password","Reset wachtwoord"
Root,Root,Root
"Set new password","Set new password","Stel een nieuw wachtwoord in"
"Sign in","Sign in",Aanmelden
"Sign up","Sign up",Registreren
"Sign up now","Sign up now","Meld je nu aan"
"The password has been changed. Use new password to login","The password has been changed. Use new password to login","Het wachtwoord is gewijzigd. Gebruik het nieuwe wachtwoord om in te loggen"
Unknown,Unknown,Onbekend
User,User,Gebruiker
"User has {CountOnSale} website(-s) on sale","User has {CountOnSale} website(-s) on sale","Gebruiker heeft {CountOnSale} website (-s) in de verkoop"
"User has been blocked or deleted","User has been blocked or deleted","Gebruiker werd geblokkeerd of verwijderd"
"User has been created","User has been created","Gebruiker is aangemaakt"
"User has been deleted","User has been deleted","Gebruiker is aangemaakt"
"User Inbox","User inbox","Gebruikers inbox"
"User info","User info","Gebruikers info"
"User role","User role","Gebruikers role"
"User status","User status","Gebruikers status"
Username,Username,Gebruikersnaam
Value,Value,Waarde
"Verification code","Verification code",Verificatiecode
"We didn't find such email address","We didn't find such email address","We hebben geen dergelijke e-mail adres gevonden"
"We have sent you confirmation email. Please confirm it","We have sent you confirmation email. Please confirm it","Wij hebben u ​​een bevestiging e-mail gestuurd. Bevestig het a.u.b"
"You have been disconnected from the session","You have been disconnected from the session","Je contact met de sessie vebroken"
"You have successfully confirmed your email address.","You have successfully confirmed your email address.","Je hebt met succes uw e-mailadres bevestigd."
