phrase,source_en,translation
"{NumOfWebsites} total website price calculated","{NumOfWebsites} total website price calculated.","{NumOfWebsites} totaal websites prijs berekend."
"{Percent} of sites are faster","{Percent} of sites are faster","{Percent} van de sites zijn sneller"
"{Percent} of sites are slower","{Percent} of sites are slower","{Percent} van de sites zijn langzamer"
"{Seconds} Seconds","{Seconds} Seconds","{Seconds} Seconden"
"{Website} worth is {Cost}","{Website} worth is {Cost}","{Website} waarde is {Cost}"
"Add to catalog. Free","Add to catalog. Free","Voeg gratis toe aan de catalogus."
"Alexa Rank","Alexa Rank","Alexa Rank"
"Alexa Stats","Alexa Stats","Alexa Stats"
"Antivirus Stats","Antivirus Stats","Antivirus Stats"
AVG,AVG,AVG
"Basic information","Basic information",Basisinformatie
"Bing Index","Bing Index","Bing Index"
Calculate,Calculate,Bereken
"Catalog Stats","Catalog Stats","Catalogus Stats"
City,City,Stad
"Click count","Click count","Aantal kliks"
Coins,Coins,Munten
"Comment count","Comment count","Aantal opmerkingen"
"Comment plugin count","Comment plugin count","Reacties tellen in de plugin"
"Contact seller","Contact seller","Contact verkoper"
"Could not reach host: {Host}","Could not reach host: {Host}","Kon host niet bereiken: {Host}"
Country,Country,Land
"Daily Ads Revenue","Daily Ads Revenue","Dagelijkse advertentie verdiensten"
"Daily Global Rank Trend","Daily Global Rank Trend","Dagelijkse wereldwijde ranking trend"
"Daily Pageviews","Daily Pageviews","Dagelijkse pagina bezoeken"
"Daily Reach (Percent)","Daily Reach (Percent)","Dagelijks bereik (Procent)"
"Daily Unique Visitors","Daily Unique Visitors","Dagelijks unieke bezoekers"
Description,Description,Beschrijving
Dmoz,Dmoz,Dmoz
Domain,Domain,Domein
"Domain Authority","Domain Authority","Domain Authority"
"Domain Authority Description","Domain authority is a metric, developed by SEOMoz, to predict the ability of a website / domain to rank in search engines. Domain authority uses a 0 to 100 logarithmic scale. A high Domain authority score means your complete website / all the pages on your domain have the potential to rank well in search engine results.","Domain authority is a metric, developed by SEOMoz, to predict the ability of a website / domain to rank in search engines. Domain authority uses a 0 to 100 logarithmic scale. A high Domain authority score means your complete website / all the pages on your domain have the potential to rank well in search engine results."
"Domain name","Domain name","Domein naam"
"Estimate other website","Estimate other website","Schatting andere website"
"Estimate Price","Estimate Price","Geschatte prijs"
"Estimated Daily Stats","Estimated Daily Stats","Geschatte dagelijkse statistieken"
"Estimated Data Analytics","Estimated Data Analytics","Geschatte data gegevens"
"Estimated Monthly Stats","Estimated Monthly Stats","Geschatte maand statistieken"
"Estimated website cost of any domain","Estimated website cost of any domain.","Geschatte website waarde van elk domein"
"Estimated worth","Estimated worth","Geschatte waarde"
"Estimated Yearly Stats","Estimated Yearly Stats","Geschatte jaarlijkse statistieken"
"Explore more","Explore more","Ontdek meer"
"Facebook Stats","Facebook Stats","Facebook statistieken"
Failed,Failed,Mislukt
"Get code","Get code","Krijg code"
"Get website review","Get website review","Krijg website beoordeling"
"Get widget","Get widget","Get widget"
"Get widget / Sale website","Get widget / Sale website","Verkrijg Verkoop website widget"
"Global Rank","Global Rank","Wereldwijde ranking"
Google,Google,Google
"Google Backlinks","Google Backlinks","Google backlinks"
"Google Index","Google Index","Google Index"
Gplus+,Gplus+,Gplus+
Grid,Grid,Grid
"Has Estimated Worth of","Has Estimated Worth of","Heeft een geschatte waarde van"
"How much {Website} is worth?","How much {Website} is worth?","Hoeveel is {Website} waard?"
"IP Address","IP Address","IP Adres"
"Is On Sale","Is On Sale","Is in de uitverkoop"
Keywords,Keywords,Trefwoorden
Latitude,Latitude,Breedte
"Leave empty input","Leave empty input","Laat invoer leeg"
"Like count","Like count","Like telling"
Likes,Likes,Likes
LinkedIn,LinkedIn,LinkedIn
"Links in","Links in","Links in"
List,List,Lijst
"List of upcoming websites. Page {PageNr}","List of upcoming websites. Page {PageNr}","Lijst van stijgende websites. Pagina {PageNr}"
"Load speed","Load speed","Laad snelheid"
"Local Rank","Local Rank","Lokale rank"
"Location Stats","Location Stats","Locatie statistieken"
Longitude,Longitude,Lengte
"Manage Websites","Manage Websites","Beheer websites"
McAfee,McAfee,McAfee
"Monthly Ads Revenue","Monthly Ads Revenue","Maandelijkse advertenties inkomsten"
"Monthly page view","Monthly page view","Maandelijkse pagina view"
"Monthly Pageviews","Monthly Pageviews","Maandelijkse pagina views"
"Monthly revenue","Monthly revenue","Maandelijkse inkomsten"
"Monthly Unique Visitors","Monthly Unique Visitors","Unieke bezoekers per maand"
"More actions","More actions","Meer akties"
"MOZ Links","MOZ Links","MOZ Links"
"MOZ Links Description","The number of links in MOZ to the URL","The number of links in MOZ to the URL"
Norton,Norton,Norton
Notes,Notes,Aantekeningen
"Number of websites","Number of websites","Aantal websites"
"Page Authority","Page Authority","Page Authority"
"Page Authority Description","Page authority is a metric, developed by SEOMoz, to predict the ability for a specific page to rank in search engines. Page authority uses a 0 to 100 logarithmic scale. A high Page authority score means your page has the potential to rank well in search engine results.","Page authority is a metric, developed by SEOMoz, to predict the ability for a specific page to rank in search engines. Page authority uses a 0 to 100 logarithmic scale. A high Page authority score means your page has the potential to rank well in search engine results."
"Page Rank",PageRank,"Pagina Rank"
Pins,Pins,Pins
"Re-Calculate estimate price","Re-Calculate estimate price","Herbereken geschatte prijs"
"Reaction count","Reaction count","Reactie tellen"
Region,Region,Regio
"Related Keywords","Related Keywords","Gerelateerde zoekwoorden"
"Remove website","Remove website","Verwijder website"
"Remove website from sale","Remove website from sale","Haal website uit de verkoop"
"Review average","Review average","Gemiddelde recensie"
"Review count","Review count","Recensie telling"
"Sale Website","Sale Website","Verkoop website"
"Sales Information","Sales Information","Verkoop informatie"
"Search Engine Stats","Search Engine Stats","Search Engine statistieken"
"Search Traffic","Search Traffic",Zoekverkeer
"Seller has blocked you","Seller has blocked you","De verkoper heeft je geblokkeerd"
"Selling price","Selling price","Verkoop prijs"
"Share count","Share count","Hoeveel is de website gedeeld"
"Show Your Visitors Your Website Value","Show Your Visitors Your Website Value","Toon uw bezoekers uw website waarde"
"Similar Websites","Similar Websites","Vergelijkbare websites"
"Site Price calculated at: {Time}","Site Price calculated at: {Time}","Site prijs berekend op: {Time}"
"Social Stats","Social Stats","Social Media statistieken"
Stumbleupon,Stumbleupon,Stumbleupon
Success,Success,Succes
"The website's estimated price has been recalculated. {Click here} to see a result","The website's estimated price has been recalculated. {Click here} to see a result","De geschatte prijs is herberekend van de  website . {Click here} om het resultaat te zien"
"This website is on sale","This website is on sale","Deze website is te koop"
Title,Title,Titel
"TOP by Cost","TOP by Cost","TOP Waarde"
"TOP by Countries","TOP by Countries","TOP Landen"
"TOP by PageRank","TOP by PageRank","TOP PageRank"
"Top websites by countries. Diagram. Page {PageNr}","Top websites by countries. Diagram. Page {PageNr}","Top websites landen. Diagram. Pagina {PageNr}"
"Top websites by PageRank. Diagram","Top websites by PageRank. Diagram","Top websites PageRank. Diagram"
"Top websites by price. Page {PageNr}","Top websites by cost. Page {PageNr}","Top websites waarde. Pagina {PageNr}"
"Top websites having {PageRank} PageRank. Page {PageNr}","Top websites having {PageRank} PageRank. Page {PageNr}","Top websites hebben {PageRank} PageRank. Pagina {PageNr}"
"Top websites in {Country}. Page {PageNr}","Top websites in {Country}. Page {PageNr}","Top websites {Country}. Pagina {PageNr}"
"Total count","Total count","Totaal aantal"
Twitter,Twitter,Twitter
"Unique monthly visitors","Unique monthly visitors","Unieke bezoekers per maand"
"View website info","View website info","Bekijk de website info"
"Webmaster info","Webmaster info","Webmaster info"
Website,Website,Website
"Website {Website} has been removed from sale","Website {Website} has been removed from sale","Website {Website} is verwijderd uit de verkoop"
"Website cost","Website cost","Website waarde"
"website description","{Website} worth is {Cost}","{Website} waarde is {Cost}"
"Website has been deleted","Website has been deleted","Website is verwijderd"
"website keywords","{Website} price, {Website} worth, {Website} estimate price, {Website} estimate cost, {Website} estimate worth","{Website} prijs, {Website} waarde, {Website} geschatte waarde, {Website} geschatte prijs, {Website} geschatte waarde"
"Website owner? {Sale Website}!","Website owner? {Sale Website}!","Website eigenaar? {Sale Website}!"
WHOIS,WHOIS,WHOIS
Yahoo,Yahoo,Yahoo
"Yahoo Index","Yahoo Index","Yahoo Index"
"Yearly Ads Revenue","Yearly Ads Revenue","Jaarlijkse advertenties inkomsten"
"Yearly Pageviews","Yearly Pageviews","Jaarlijkse pagina views"
"Yearly Unique Visitors","Yearly Unique Visitors","Jaarlijkse unieke bezoekers"
"You have blocked this user. {Click here} to unblock","You have blocked this user. {Click here} to unblock","Je hebt deze gebruiker geblokkeerd. {Click here} om te deblokkeren"
"You should login to contact seller","You should login to contact seller","Je moet inloggen om contact te kunnen krijgen met de verkoper"
