phrase,source_en,translation
"Admin panel","Admin panel","Pannello admin"
"Bulk Import","Bulk Import","Importazione in blocco"
Dashboard,Dashboard,"Pagina Iniziale"
"Flush cache","Flush cache","Svuota Cache"
Localization,Localization,Localizzazione
No,No,No
"Run garbage collector","Run garbage collector","Avvia collettore spazzatura"
"Run widget checker","Run widget checker","Avvia controllo Widget"
"Sitemap generation","Sitemap generation","Generazione Sitemap"
"There are {NumOfScam} complaints of fraud. {Click here} to take an action.","There are {NumOfScam} complaints of fraud. {Click here} to take an action.","Ci sono {NumOfScam} denunce di frode. {Click here} per controllare."
Tools,Tools,Strumenti
"We have {NumOfMissingTrans} missing translations. {Click here} to find out more.","We have {NumOfMissingTrans} missing translations. {Click here} to find out more.","Abbiamo {NumOfMissingTrans} traduzioni mancanti. {Click here} per scoprire di più."
"Welcome back, {Username}","Welcome back, {Username}","Bentornato, {Username}"
Yes,Yes,Sì
"You are using administration rights over {Username}","You are using administration rights over {Username}","Stai utilizzando i diritti di amministratore su {Username}"
