phrase,source_en,translation
"Ascending order","Ascending order","Ordine ascendente"
Category,Category,Categoria
"Category has been created","Category has been created","La categoria è stata creata"
"Category Translation","Category Translation","Traduzione Categoria"
"Create Category","Create Category","Crea Categoria"
"Create translation","Create translation","Crea traduzione"
"Descending order","Descending order","Ordine discendente"
"Edit category","Edit category","Modifica categoria"
"Is sold since","On sale since","E' venduto da"
"Manage Categories","Manage Categories","Gestisci Categorie"
"Selling date","Selling date","Data di vendita"
Slug,Slug,Slug
"Sort by","Sort by","Ordina per"
"Translation for this language already exists. {Update translation}","Translation for this language already exists. {Update translation}","Una traduzione per questa lingua esiste già. {Update translation}"
"Translation has been created","Translation has been created","La traduzione è stata creata"
"Translation has been deleted","Translation has been deleted","La traduzione è stata cancellata"
"Translation has been updated","Translation has been updated","La traduzione è stata aggiornata"
"Update translation","Update translation","Aggiorna traduzione"
"Websites in the category {Category}. Page {PageNr}","Websites in the category {Category}. Page {PageNr}","Siti web nella categoria {Category}. Pagina {Page}"
"Websites on sale. Page {PageNr}","Websites on sale. Page {PageNr}","Siti web in vendita. Pagina {PageNr}"
