phrase,source_en,translation
"Calculation Error Code 102","Couldn't grab html from website","Non posso prendere il codice html dal sito web"
"Calculation Error Code 103","Website contains badwords","Sito contiene parolacce"
"Calculation Error Code 201","Error while inserting data","Errore inserimento dato"
"Calculation Error Code 202","Error while updating data","Error aggiornamento dato"
"Sitemap error code 101","Make sure ""sitemap"" directory and ""sitemap.xml"" file has writable permissions","Assicurarsi directory ""mappa del sito"" e il file ""sitemap.xml"" dispone di autorizzazioni scrivibili"
