phrase,source_en,translation
"Any category","Any category","Qualsiasi categoria"
"Any language","Any language","Qualsiasi lingua"
"Can't close temporary file","Can't close temporary file","Impossibile chiudere file temporaneo"
"Can't create temporary file","Can't create temporary file","Impossibile creare file temporaneo"
"Category name","Category name","Nome categoria"
"Choose any category","Choose any category","Scegli una categoria"
"Choose any language","Choose any language","Scegli qualsiasi lingua"
"Couldn't open zip archive","Couldn't open zip archive","Impossibile aprire archivio zip"
"Create Language","Create Language","Crea Lingua"
"Create new Language","Create new Language","Crea nuova Lingua"
"Create new phrase","Create new phrase","Crea nuova frase"
"Create phrase","Create phrase","Crea frase"
"Created at","Created at","Creato a"
"Default language can't be deleted","Default language can't be deleted","La lingua di default non può essere cancellata"
"Default language can't be disabled","Default language can't be disabled","La lingua di default non può essere disabilitata"
"Default language must be specified","Default language must be specified","Deve essere specificato un linguaggio default"
"Do not copy translations","Do not copy translations","Non copiare traduzioni"
"Edit {Language} language","Edit {Language} language","Modifica Lingua {Language}"
"Edit phrase","Edit phrase","Modifica frase"
"Existing translations","Existing translations","Traduzioni esistenti"
Export,Export,Esporta
"Export Translation","Export Translation","Esporta Traduzione"
"Find phrase/translation","Find a phrase/translation","Trova frase/traduzione"
"Forced import","Forced import","Importazione forzata"
"Ignoring file {File} because it's not a csv file","Ignoring file {File} because it's not a csv file","File {File} ignorato perché non è un file csv"
Import,Import,Importa
"Import Translation","Import Translation","Importa Traduzione"
"Incorrect Language ID format","Incorrect Language ID format","Formato ID Linguaggio non corretto"
"Invalid category name","Invalid category name","Nome categoria non valido"
"Invalid format of {Row} row in {Category} category","Invalid format of {Row} row in {Category} category","Formato invalido linea {Row} in categoria {Category}"
"Is Default","Is Default","E' di Default"
"Is Enabled","Is Enabled","E' Abilitato"
Language,Language,Lingua
"Language ID","Language ID","ID Lingua"
"Make copy","Make copy","Esegui copia"
"Manage existing languages","Manage Languages","Gestisci lingue esistenti"
"Manage Translations","Manage Translations","Gestisci Traduzioni"
"Manage translations in {Category} category","Manage translations in {Category} category","Gestisci tarduzioni nella categoria {Category}"
"Missing translation for {Language}","Missing translation for {Language}","Traduzione mancante per {Language}"
"Missing translations","Missing translations","Traduzioni mancanti"
"New category","New category","Nuova categoria"
"New language {Language} has been created","New language {Language} has been created","La nuova lingua {Language} è stata creata"
"New phrase has been created","New phrase has been created","La nuova frase è stata creata"
Phrase,Phrase,Frase
"Phrase has been translated","Phrase has been translated","La frase è stata tradotta"
"Please choose language you want to export","Please choose language you want to export","Per favore seleziona la lingua che vuoi esportare"
Search,Search,Cerca
"The category {Category} has already been taken","The category {Category} has already been taken","La categoria {Category} è già stata presa"
"The language {Language} doesn't exists in the system","The language {Language} doesn't exists in the system","La lingua {Language} non esiste nel sistema"
"The language doesn't exists","The language doesn't exists","La lingua non esiste"
"The language must contain at least one category","The language must contain at least one category","La lingua deve contenere almeno una categoria"
"The phrase with ID {ID} doesn't exists","The phrase with ID {ID} doesn't exists","La frase con ID {ID} non esiste"
"This means that if there is a phrase translation it will be replaced","This means that if there is a phrase translation it will be replaced","Questo significa che se esiste già una traduzione delle frase questa verrà sostituita"
"This phrase already exists in {Category} category","This phrase already exists in {Category} category","Questa frase esiste già nella categoria {Category}"
"Translate phrase","Translate phrase","Traduci frase"
Translation,Translation,Traduzione
"Translations for {Language} language have been imported","Translations for {Language} language have been imported","Le traduzioni per la lingua {Language} sono state importate"
"Unable to create stream from {File} file","Unable to create stream from {File} file","Impossibile creare la visualizzazione per il file {File}"
"You are able upload only ZIP file","You are able upload only ZIP file","Puoi solo caricare file ZIP"
"You need to install ZipArchive package","You need to install ZipArchive package","Devi installare il pacchetto ZipArchive"
"Zip file (translations)","Zip file (translations)","File zip (traduzioni)"
