phrase,source_en,translation
"{Brandname} administration","{Brandname} administration","Amministrazione {Brandname}"
"Dear {Name}","Dear {Name}","Caro {Name}"
"Forgot password?","Forgot password?","Password dimenticata?"
"Please, do not reply to this message","Please, do not reply to this message","Per favore, non rispondere a questo messaggio"
Regards,Regards,Saluti
"Thank you for registration","Thank you for registration","Grazie per la registrazione"
"Thank you for registration at {BranUrl}. Click here: {VerifyUrl}","Thank your for your registration at {BranUrl}. To activate your account please follow this link: {VerifyUrl}","Grazie per esserti registrato a {BranUrl}. Clicca qui: {VerifyUrl}"
"To reset password open following link: {RecoveryLink} and enter new password.","To reset password open following link: {RecoveryLink} and enter new password.","Per resettare la password apri il seguente link: {RecoveryLink} e inserisci la nuova password."
"We've received a request from you to reset a password. If you didn't do it, then just ignore this message.","We've received a request from you to reset a password. If you didn't do it, then just ignore this message.","Abbiamo ricevuto una tua richiesta per resettare la password. Se non sei stato tu, ignora semplicemente questo messaggio."
"You got new message!","You got new message!","Hai un nuovo messaggio!"
"You've received new message from {Name}. Open following link to see a message: {messageLink}","You've received new message from {Name}. Open following link to see a message: {messageLink}","Hai ricevuto un nuovo messaggio da {Name}. Apri il seguente link per vedere il messaggio: {messageLink}"
