phrase,source_en,translation
"{BrandName} | Atom feed","{BrandName} | Atom feed","{BrandName} | Atom feed"
"{BrandName} | RSS feed","{BrandName} | RSS feed","{BrandName} | RSS feed"
"{NumberOfMsg} Messages","{NumberOfMsg} Messages","{NumberOfMsg} Messaggi"
"Added at","Added at","Aggiunto il"
All,All,Tutti
"Are you sure you want to delete this item?","Are you sure you want to delete this item?","Sei sicuro di voler cancellare questo elemento?"
Atom,Atom,Atom
"Buy Websites","Buy Websites","Acquista Siti Web"
"Click here","Click here","Clicca qui"
Create,Create,Crea
Delete,Delete,Cancella
"Developed by {Developer}","Developed by {Developer}","Creata da {Developer}"
"Displaying {start}-{end} of {count} results.","Displaying {start}-{end} of {count} results.","Mostrando {start}-{end} di {count} risultati."
Edit,Edit,Modifica
"Hello, {Username}","Hello, {Username}","Ciao, {Username}"
Home,Home,Home
ID,ID,ID
Inbox,Inbox,"In Arrivo"
Language,Language,Lingua
Logout,Logout,Esci
"Not on sale","Not on sale","Non in vendita"
"Nothing found","Nothing found","Nessun risultato"
"On sale","On sale","In vendita"
Optional,Optional,Opzionale
OR,OR,O
page_privacy_link,"Privacy Policy","Politica sulla riservatezza"
page_terms_link,"Terms and Conditions","Termini e Condizioni"
"Please choose category","Please choose category","Per favore seleziona una categoria"
"Remove all records","Remove all records","Rimuovi tutti i dati salvati"
RSS,RSS,RSS
"See all messages","See all messages","Vedi tutti i messaggi"
"Sell Websites","Sell Websites","Vendi Siti Web"
Settings,Settings,Impostazioni
"Sign in","Sign in",Entra
Submit,Submit,Invia
"Toggle navigation","Toggle navigation","Chiudi navigazione"
Top,Top,Top
Upcoming,Upcoming,Ultimi
Update,Update,Aggiorna
"Verification code","Verification code","Codice di verifica"
View,View,Guarda
