phrase,source_en,translation
"Action ""{action}"" does not exist in ""{controller}"".","Action ""{action}"" does not exist in ""{controller}"".","L'azione ""{action}"" non esiste in ""{controller}""."
"All records have been removed","All records have been removed","Tutti i dati sono stati rimossi"
"An error has occurred while trying to confirm your email. Please try again later.","An error has occurred while trying to confirm your email. Please try again later.","Si è verificato un errore nel processo di verifica della tua email. Per favore riprova più tardi."
"An error occurred while sending email","An error occurred while sending email","Si è verificato un errore durante l'invio della email"
"An internal error occurred. Please try again later","An internal error occurred. Please try again later","Si è verificato un errore interno. Per favore riprova più tardi."
Attention!,Attention!,Attenzione!
"Email has been sent","Email has been sent","La email è stata inviata"
"Please, use mail client which support HTML markup","Please, use mail client which support HTML markup","Per favore utilizza un client email che supporti il markup HTML"
"Record has been deleted","Record has been deleted","I dati sono stati cancellati"
"Record has been successfully modified","Record has been successfully modified","I dati sono stati modificati con successo"
"Server temporarily unavailable. Please, try to register a little bit later","Server temporarily unavailable. Please, try to register a little bit later","Il server è al momento non raggiungibile. Per favore prova a registrarti più tardi"
"Server temporarily unavailable. Try again later.","Server temporarily unavailable. Try again later.","Server temporaneamente non raggiungibile. Prova più tardi."
"The page you are looking for doesn't exists","The page you are looking for doesn't exist","La pagina che stai cercando non esiste"
"The token is expired or does not valid. Please, try to register new account","The token is expired or does not valid. Please, try to register new account","Il token non è valido oppure è scaduto. Per favore registra un nuovo account"
"Unable to find user in database","Unable to find user in database","Impossibile trovare l'utente nel database"
"We've sent you email with instructions. Please check your inbox","We've sent you email with instructions. Please check your inbox","Ti abbiamo inviato una email con le istruzioni. Per favore controlla la tua posta In Arrivo."
