phrase,source_en,translation
page_terms_meta_description,"These terms and conditions outline the rules and regulations for the use of {app_name}.","I presenti termini e condizioni delineano le regole e i regolamenti per l'utilizzo di {app_name}."
page_terms_meta_keywords,"terms and conditions","termini e Condizioni"
page_terms_meta_title,"Terms and Conditions","Termini e Condizioni"
page_terms_text,"<p>These terms and conditions outline the rules and regulations for the use of {app_name}.</p>
<p>By accessing this website we assume you accept these terms and conditions. Do not continue to use {app_name} if you do not agree to take all of the terms and conditions stated on this page.</p>
<p>The following terminology applies to these Terms and Conditions, Privacy Statement and Disclaimer Notice and all Agreements: “Client”, “You” and “Your” refers to you, the person log on this website and compliant to the Company's terms and conditions. “The Company”, “Ourselves”, “We”, “Our” and “Us”, refers to our Company. “Party”, “Parties”, or “Us”, refers to both the Client and ourselves. All terms refer to the offer, acceptance and consideration of payment necessary to undertake the process of our assistance to the Client in the most appropriate manner for the express purpose of meeting the Client's needs in respect of provision of the Company's stated services, in accordance with and subject to, prevailing law of Netherlands. Any use of the above terminology or other words in the singular, plural, capitalization and/or he/she or they, are taken as interchangeable and therefore as referring to same.</p>
<h2>Cookies</h2>
<p>We employ the use of cookies. By accessing {app_name}, you agreed to use cookies in agreement with the <a href='{privacy_url}'>Privacy Policy</a>.</p>
<p>Most interactive websites use cookies to let us retrieve the user's details for each visit. Cookies are used by our website to enable the functionality of certain areas to make it easier for people visiting our website. Some of our affiliate/advertising partners may also use cookies.</p>
<h2>License</h2>
<p>You must not:</p>
<ul>
<li>Republish material from {app_name}</li>
<li>Sell, rent or sub-license material from {app_name}</li>
<li>Reproduce, duplicate or copy material from {app_name}</li>
<li>Redistribute content from {app_name}</li>
</ul>
<p>This Agreement shall begin on the date hereof.</p>
<h2>iFrames</h2>
<p>Without prior approval and written permission, you may not create frames around our Webpages that alter in any way the visual presentation or appearance of our Website.</p>
<h2>Content Liability</h2>
<p>We shall not be hold responsible for any content that appears on your Website. You agree to protect and defend us against all claims that is rising on your Website. No link(s) should appear on any Website that may be interpreted as libelous, obscene or criminal, or which infringes, otherwise violates, or advocates the infringement or other violation of, any third party rights.</p>
<h2>Reservation of Rights</h2>
<p>We reserve the right to request that you remove all links or any particular link to our Website. You approve to immediately remove all links to our Website upon request. We also reserve the right to amen these terms and conditions and it's linking policy at any time. By continuously linking to our Website, you agree to be bound to and follow these linking terms and conditions.</p>
<h2>Removal of links from our website</h2>
<p>If you find any link on our Website that is offensive for any reason, you are free to contact and inform us any moment. We will consider requests to remove links but we are not obligated to or so or to respond to you directly.</p>
<p>We do not ensure that the information on this website is correct, we do not warrant its completeness or accuracy; nor do we promise to ensure that the website remains available or that the material on the website is kept up to date.</p>
<h2>Disclaimer</h2>
<p>To the maximum extent permitted by applicable law, we exclude all representations, warranties and conditions relating to our website and the use of this website. Nothing in this disclaimer will:</p>
<ul>
<li>limit or exclude our or your liability for death or personal injury;</li>
<li>limit or exclude our or your liability for fraud or fraudulent misrepresentation;</li>
<li>limit any of our or your liabilities in any way that is not permitted under applicable law; or</li>
<li>exclude any of our or your liabilities that may not be excluded under applicable law.</li>
</ul>
<p>The limitations and prohibitions of liability set in this Section and elsewhere in this disclaimer: (a) are subject to the preceding paragraph; and (b) govern all liabilities arising under the disclaimer, including liabilities arising in contract, in tort and for breach of statutory duty.</p>
<p>As long as the website and the information and services on the website are provided free of charge, we will not be liable for any loss or damage of any nature.</p>","<p>Questi termini e condizioni delineano le regole e i regolamenti per l'utilizzo di {app_name}.</p>
<p>Accedendo a questo sito Web presupponiamo che tu accetti questi termini e condizioni. Non continuare a utilizzare {app_name} se non accetti tutti i termini e le condizioni indicati in questa pagina.</p>
<p>La seguente terminologia si applica ai presenti Termini e condizioni, all'Informativa sulla privacy, all'Informativa sulla dichiarazione di non responsabilità e a tutti gli Accordi: ""Cliente"", ""Tu"" e ""Tuo"" si riferiscono a te, la persona che accede a questo sito Web e conforme ai termini e ai termini della Società. condizioni. ""La Società"", ""Noi stessi"", ""Noi"", ""Nostro"" e ""Noi"" si riferiscono alla nostra Società. “Parte”, “Parti” o “Noi” si riferisce sia al Cliente che a noi stessi. Tutti i termini si riferiscono all'offerta, all'accettazione e all'esame del pagamento necessario per intraprendere il processo di assistenza al Cliente nel modo più appropriato con lo scopo esplicito di soddisfare le esigenze del Cliente in relazione alla fornitura dei servizi dichiarati dalla Società, in conformità con e soggetto alla legge prevalente dei Paesi Bassi. Qualsiasi utilizzo della terminologia di cui sopra o di altre parole al singolare, al plurale, in maiuscolo e/o lui/lei o loro, sono considerati intercambiabili e pertanto riferiti allo stesso.</p>
<h2>Cookie</h2>
<p>Ci avvaliamo dell'uso dei cookie. Accedendo a {app_name}, accetti di utilizzare i cookie in accordo con l'<a href='{privacy_url}'>Informativa sulla privacy</a>.</p>
<p>La maggior parte dei siti web interattivi utilizza i cookie per consentirci di recuperare i dettagli dell'utente a ogni visita. I cookie vengono utilizzati dal nostro sito Web per abilitare la funzionalità di determinate aree per rendere più semplice la visita del nostro sito Web da parte delle persone. Anche alcuni dei nostri partner affiliati/pubblicitari possono utilizzare i cookie.</p>
<h2>Licenza</h2>
<p>Non devi:</p>
<ul>
<li>Ripubblica materiale da {app_name}</li>
<li>Vendi, noleggia o concedi in sublicenza materiale da {app_name}</li>
<li>Riproduci, duplica o copia materiale da {app_name}</li>
<li>Ridistribuisci i contenuti da {app_name}</li>
</ul>
<p>Il presente Contratto avrà inizio alla data del presente.</p>
<h2>iFrame</h2>
<p>Senza previa approvazione e autorizzazione scritta, non è possibile creare frame attorno alle nostre pagine Web che alterino in alcun modo la presentazione visiva o l'aspetto del nostro sito Web.</p>
<h2>Responsabilità per i contenuti</h2>
<p>Non saremo ritenuti responsabili per qualsiasi contenuto visualizzato sul tuo sito web. Accetti di proteggerci e difenderci da tutte le rivendicazioni che stanno sorgendo sul tuo sito web. Nessun collegamento deve apparire su qualsiasi sito Web che possa essere interpretato come diffamatorio, osceno o criminale o che violi, violi in altro modo o sostenga la violazione o altra violazione di diritti di terzi.</p>
<h2>Riserva dei diritti</h2>
<p>Ci riserviamo il diritto di richiedere la rimozione di tutti i collegamenti o di qualsiasi collegamento particolare al nostro sito Web. Su richiesta, accetti di rimuovere immediatamente tutti i collegamenti al nostro sito Web. Ci riserviamo inoltre il diritto di modificare questi termini e condizioni e la relativa politica di collegamento in qualsiasi momento. Collegandosi continuamente al nostro sito Web, accetti di essere vincolato e di seguire questi termini e condizioni di collegamento.</p>
<h2>Rimozione di collegamenti dal nostro sito Web</h2>
<p>Se trovi qualche link sul nostro sito web offensivo per qualsiasi motivo, sei libero di contattarci e informarci in qualsiasi momento. Prenderemo in considerazione le richieste di rimozione dei collegamenti ma non siamo obbligati a risponderti direttamente.</p>
<p>Non garantiamo che le informazioni presenti su questo sito Web siano corrette, non ne garantiamo la completezza o l'accuratezza; né promettiamo di garantire che il sito web rimanga disponibile o che il materiale sul sito web sia mantenuto aggiornato.</p>
<h2>Esonero di responsabilità</h2>
<p>Nella misura massima consentita dalla legge applicabile, escludiamo tutte le dichiarazioni, garanzie e condizioni relative al nostro sito Web e all'utilizzo di questo sito Web. Niente in questo disclaimer:</p>
<ul>
<li>limitare o escludere la nostra o la vostra responsabilità per morte o lesioni personali;</li>
<li>limitare o escludere la nostra o la vostra responsabilità per frode o dichiarazione fraudolenta;</li>
<li>limitare qualsiasi nostra o vostra responsabilità in qualsiasi modo non consentito dalla legge applicabile; o</li>
<li>escludere qualsiasi nostra o vostra responsabilità che non può essere esclusa ai sensi della legge applicabile.</li>
</ul>
<p>The limitations and prohibitions of liability set in this Section and elsewhere in this disclaimer: (a) are subject to the preceding paragraph; and (b) govern all liabilities arising under the disclaimer, including liabilities arising in contract, in tort and for breach of statutory duty.</p>
<p>As long as the website and the information and services on the website are provided free of charge, we will not be liable for any loss or damage of any nature.</p>"
page_terms_title,"Terms and Conditions","Termini e Condizioni"
