phrase,source_en,translation
page_privacy_meta_description,"At {app_name}, one of our main priorities is the privacy of our visitors. This Privacy Policy document contains types of information that is collected and recorded by {app_name} and how we use it.","In {app_name}, una delle nostre priorità principali è la privacy dei nostri visitatori. Il presente documento di Informativa sulla privacy contiene i tipi di informazioni raccolte e registrate da {app_name} e il modo in cui le utilizziamo."
page_privacy_meta_keywords,"privacy policy","politica sulla riservatezza"
page_privacy_meta_title,"Privacy Policy","Politica sulla riservatezza"
page_privacy_text,"<p>At {app_name}, one of our main priorities is the privacy of our visitors. This Privacy Policy document contains types of information that is collected and recorded by {app_name} and how we use it.</p>
<p>This privacy policy applies only to our online activities and is valid for visitors to our website with regards to the information that they shared and/or collect in {app_name}. This policy is not applicable to any information collected offline or via channels other than this website.</p>
<h2>Consent</h2>
<p>By using our website, you hereby consent to our Privacy Policy and agree to its terms.</p>
<h2>Information we collect</h2>
<p>The personal information that you are asked to provide is required to provide you with the service, and it is securely stored or, in the case of the contact form is not stored at all.</p>
<h2>How we use your information</h2>
<p>We use the information we collect in various ways, including to:</p>
<ul>
<li>Provide, operate, and maintain our website</li>
<li>Improve, personalize, and expand our website</li>
<li>Understand and analyze how you use our website</li>
<li>Develop new products, services, features, and functionality</li>
<li>Communicate with you, either directly or through one of our partners, including for customer service, to provide you with updates and other information relating to the website, and for marketing and promotional purposes</li>
<li>Find and prevent fraud</li>
</ul>
<h2>Log Files</h2>
<p>{app_name} follows a standard procedure of using log files. These files log visitors when they visit websites. All hosting companies do this and a part of hosting services' analytics. The information collected by log files include internet protocol (IP) addresses, browser type, Internet Service Provider (ISP), date and time stamp, referring/exit pages, and possibly the number of clicks. These are not linked to any information that is personally identifiable. The purpose of the information is for analyzing trends, administering the site, tracking users' movement on the website, and gathering demographic information.</p>
<h2>Cookies and Web Beacons</h2>
<p>Like any other website, {app_name} uses ‘cookies'. These cookies are used to store information including visitors' preferences, and the pages on the website that the visitor accessed or visited. The information is used to optimize the users' experience by customizing our web page content based on visitors' browser type and/or other information.</p>
<h2>DoubleClick DART Cookie</h2>
<p>Google is one of a third-party vendor on our site. It also uses cookies, known as DART cookies, to serve ads to our site visitors based upon their visit to www.website.com and other sites on the internet. However, visitors may choose to decline the use of DART cookies by visiting the Google ad and content network Privacy Policy at the following URL – <a href='https://policies.google.com/technologies/ads' target='_blank'>https://policies.google.com/technologies/ads</a>.</p>
<p>Some of advertisers on our site may use cookies and web beacons. Our advertising partners are listed below. Each of our advertising partners has their own Privacy Policy for their policies on user data. For easier access, we hyperlinked to their Privacy Policies below.</p>
<ul><li><a href='https://policies.google.com/technologies/ads' target='_blank'>Google</a></li></ul>
<h2>Advertising Partners Privacy Policies</h2>
<p>Third-party ad servers or ad networks uses technologies like cookies, JavaScript, or Web Beacons that are used in their respective advertisements and links that appear on {app_name}, which are sent directly to users' browser. They automatically receive your IP address when this occurs. These technologies are used to measure the effectiveness of their advertising campaigns and/or to personalize the advertising content that you see on websites that you visit.</p>
<p>Note that {app_name} has no access to or control over these cookies that are used by third-party advertisers.</p>
<h2>Third-Party Privacy Policies</h2>
<p>{app_name} Privacy Policy does not apply to other advertisers or websites. Thus, we are advising you to consult the respective Privacy Policies of these third-party ad servers for more detailed information.</p>
<p>You can choose to disable cookies through your individual browser options. To know more detailed information about cookie management with specific web browsers, it can be found at the browsers' respective websites. What Are Cookies?</p>
<h2>CCPA Privacy Policy (Do Not Sell My Personal Information)</h2>
<p>Under the CCPA, among other rights, California consumers have the right to:</p>
<ul>
<li>Request that a business that collects a consumer's personal data disclose the categories and specific pieces of personal data that a business has collected about consumers.</li>
<li>Request that a business delete any personal data about the consumer that a business has collected.</li>
<li>Request that a business that sells a consumer's personal data, not sell the consumer's personal data.</li>
<li>If you make a request, we have one month to respond to you. If you would like to exercise any of these rights, please contact us.</li>
</ul>
<h2>GDPR Privacy Policy (Data Protection Rights)</h2>
<p>We would like to make sure you are fully aware of all of your data protection rights. Every user is entitled to the following:</p>
<ul>
<li>The right to access – You have the right to request copies of your personal data. We may charge you a small fee for this service.</li>
<li>The right to rectification – You have the right to request that we correct any information you believe is inaccurate. You also have the right to request that we complete the information you believe is incomplete.</li>
<li>The right to erasure – You have the right to request that we erase your personal data, under certain conditions.</li>
<li>The right to restrict processing – You have the right to request that we restrict the processing of your personal data, under certain conditions.</li>
<li>The right to object to processing – You have the right to object to our processing of your personal data, under certain conditions.</li>
<li>The right to data portability – You have the right to request that we transfer the data that we have collected to another organization, or directly to you, under certain conditions.</li>
<li>If you make a request, we have one month to respond to you. If you would like to exercise any of these rights, please contact us.</li>
</ul>
<h2>Children's Information</h2>
<p>Another part of our priority is adding protection for children while using the internet. We encourage parents and guardians to observe, participate in, and/or monitor and guide their online activity.</p>
<p>{app_name} does not knowingly collect any Personal Identifiable Information from children under the age of 13. If you think that your child provided this kind of information on our website, we strongly encourage you to contact us immediately and we will do our best efforts to promptly remove such information from our records.</p>","<p>In {app_name}, una delle nostre priorità principali è la privacy dei nostri visitatori. Il presente documento di Informativa sulla privacy contiene i tipi di informazioni raccolte e registrate da {app_name} e il modo in cui le utilizziamo.</p>
<p>La presente informativa sulla privacy si applica solo alle nostre attività online ed è valida per i visitatori del nostro sito Web per quanto riguarda le informazioni che hanno condiviso e/o raccolto in {app_name}. Questa politica non è applicabile ad alcuna informazione raccolta offline o tramite canali diversi da questo sito web.</p>
<h2>Consenso</h2>
<p>Utilizzando il nostro sito Web, acconsenti alla nostra Informativa sulla privacy e ne accetti i termini.</p>
<h2>Informazioni che raccogliamo</h2>
<p>Le informazioni personali che ti viene chiesto di fornire sono necessarie per fornirti il servizio e sono archiviate in modo sicuro o, nel caso del modulo di contatto, non vengono archiviate affatto.</p>
<h2>Come utilizziamo le tue informazioni</h2>
<p>Utilizziamo le informazioni che raccogliamo in vari modi, tra cui:</p>
<ul>
<li>Fornire, gestire e mantenere il nostro sito web</li>
<li>Migliorare, personalizzare ed espandere il nostro sito web</li>
<li>Comprendere e analizzare come utilizzi il nostro sito web</li>
<li>Sviluppare nuovi prodotti, servizi, caratteristiche e funzionalità</li>
<li>Comunicare con te, direttamente o tramite uno dei nostri partner, anche per il servizio clienti, per fornirti aggiornamenti e altre informazioni relative al sito web e per scopi di marketing e promozionali</li>
<li>Individuare e prevenire le frodi</li>
</ul>
<h2>File di registro</h2>
<p>{app_name} segue una procedura standard di utilizzo dei file di registro. Questi file registrano i visitatori quando visitano i siti Web. Tutte le società di hosting fanno questo e una parte dell'analisi dei servizi di hosting. Le informazioni raccolte dai file di registro includono indirizzi IP (protocollo Internet), tipo di browser, provider di servizi Internet (ISP), data e ora, pagine di riferimento/uscita ed eventualmente il numero di clic. Questi non sono collegati ad alcuna informazione che possa identificare la persona. Lo scopo delle informazioni è analizzare le tendenze, amministrare il sito, monitorare il movimento degli utenti sul sito Web e raccogliere informazioni demografiche.</p>
<h2>Cookie e Web Beacon</h2>
<p>Come qualsiasi altro sito web, {app_name} utilizza i ""cookie"". Questi cookie vengono utilizzati per memorizzare informazioni, comprese le preferenze dei visitatori e le pagine del sito Web a cui il visitatore ha avuto accesso o ha visitato. Le informazioni vengono utilizzate per ottimizzare l'esperienza degli utenti personalizzando il contenuto della nostra pagina Web in base al tipo di browser dei visitatori e/o ad altre informazioni.</p>
<h2>Cookie DoubleClick DART</h2>
<p>Google è uno dei fornitori di terze parti sul nostro sito. Utilizza inoltre i cookie, noti come cookie DART, per pubblicare annunci pubblicitari per i visitatori del nostro sito in base alla loro visita a www.website.com e ad altri siti su Internet. Tuttavia, i visitatori possono scegliere di rifiutare l'uso dei cookie DART visitando l'Informativa sulla privacy della rete di contenuti e annunci di Google al seguente URL: <a href='https://policies.google.com/technologies/ads' target='_blank '>https://policies.google.com/technologies/ads</a>.</p>
<p>Alcuni inserzionisti sul nostro sito potrebbero utilizzare cookie e web beacon. I nostri partner pubblicitari sono elencati di seguito. Ciascuno dei nostri partner pubblicitari ha la propria Informativa sulla privacy per le proprie politiche sui dati degli utenti. Per un accesso più semplice, abbiamo creato un collegamento ipertestuale alle loro Norme sulla privacy di seguito.</p>
<ul><li><a href='https://policies.google.com/technologies/ads' target='_blank'>Google</a></li></ul>
<h2>Politiche sulla privacy dei partner pubblicitari</h2>
<p>Gli ad server o le reti pubblicitarie di terze parti utilizzano tecnologie come cookie, JavaScript o Web Beacon utilizzati nei rispettivi annunci pubblicitari e nei collegamenti visualizzati su {app_name}, che vengono inviati direttamente al browser degli utenti. Ricevono automaticamente il tuo indirizzo IP quando ciò accade. Queste tecnologie vengono utilizzate per misurare l'efficacia delle loro campagne pubblicitarie e/o per personalizzare il contenuto pubblicitario che vedi sui siti web che visiti.</p>
<p>Tieni presente che {app_name} non ha accesso o controllo su questi cookie utilizzati da inserzionisti di terze parti.</p>
<h2>Politiche sulla privacy di terze parti</h2>
<p>L'Informativa sulla privacy di {app_name} non si applica ad altri inserzionisti o siti web. Pertanto, ti consigliamo di consultare le rispettive Politiche sulla privacy di questi ad server di terze parti per informazioni più dettagliate.</p>
<p>Puoi scegliere di disabilitare i cookie attraverso le opzioni del tuo browser individuale. Per conoscere informazioni più dettagliate sulla gestione dei cookie con specifici browser web è possibile reperirle sui rispettivi siti web dei browser. Cosa sono i cookie?</p>
<h2>Informativa sulla privacy CCPA (Non vendere le mie informazioni personali)</h2>
<p>Secondo il CCPA, tra gli altri diritti, i consumatori della California hanno il diritto di:</p>
<ul>
<li>Richiedere che un'azienda che raccoglie i dati personali di un consumatore divulghi le categorie e i dati personali specifici che un'azienda ha raccolto sui consumatori.</li>
<li>Richiedere a un'azienda di eliminare tutti i dati personali del consumatore raccolti da un'azienda.</li>
<li>Richiedere che un'azienda che vende i dati personali di un consumatore non venda i dati personali del consumatore.</li>
<li>Se fai una richiesta, abbiamo un mese per risponderti. Se desideri esercitare uno di questi diritti, ti preghiamo di contattarci.</li>
</ul>
<h2>Informativa sulla privacy GDPR (diritti sulla protezione dei dati)</h2>
<p>Vogliamo assicurarci che tu sia pienamente consapevole di tutti i tuoi diritti in materia di protezione dei dati. Ogni utente ha diritto a quanto segue:</p>
<ul>
<li>Diritto di accesso: hai il diritto di richiedere copie dei tuoi dati personali. Potremmo addebitarti una piccola tariffa per questo servizio.</li>
<li>Il diritto alla rettifica: hai il diritto di richiederci di correggere qualsiasi informazione che ritieni sia inaccurata. Hai anche il diritto di richiederci di completare le informazioni che ritieni siano incomplete.</li>
<li>Il diritto alla cancellazione: hai il diritto di richiederci la cancellazione dei tuoi dati personali, a determinate condizioni.</li>
<li>Il diritto di limitare il trattamento: hai il diritto di richiederci di limitare il trattamento dei tuoi dati personali, a determinate condizioni.</li>
<li>Il diritto di opporsi al trattamento: hai il diritto di opporti al trattamento dei tuoi dati personali, a determinate condizioni.</li>
<li>Il diritto alla portabilità dei dati: hai il diritto di richiederci di trasferire i dati che abbiamo raccolto a un'altra organizzazione o direttamente a te, a determinate condizioni.</li>
<li>Se fai una richiesta, abbiamo un mese per risponderti. Se desideri esercitare uno di questi diritti, ti preghiamo di contattarci.</li>
</ul>
<h2>Informazioni sui bambini</h2>
<p>Un'altra nostra priorità è aggiungere protezione ai bambini durante l'utilizzo di Internet. Incoraggiamo genitori e tutori a osservare, partecipare e/o monitorare e guidare la loro attività online.</p>
<p>{app_name} non raccoglie consapevolmente alcuna informazione di identificazione personale da bambini di età inferiore a 13 anni. Se ritieni che tuo figlio abbia fornito questo tipo di informazioni sul nostro sito web, ti invitiamo vivamente a contattarci immediatamente e faremo del nostro meglio migliori sforzi per rimuovere tempestivamente tali informazioni dai nostri archivi.</p>"
page_privacy_title,"Privacy Policy","Politica sulla riservatezza"
