phrase,source_en,translation
"{Many} days ago","{Many} days ago","{Many} giorni fa"
"{Many} hours ago","{Many} hours ago","{Many} ore fa"
"{Many} minutes ago","{Many} minutes ago","{Many} minuti fa"
"{Many} months ago","{Many} months ago","{Many} mesi fa"
"{Many} years ago","{Many} years ago","{Many} anni fa"
"{One} day ago","{One} day ago","{One} giorno(i) fa"
"{One} hour ago","{One} hour ago","{One} ora(e) fa"
"{One} minute ago","{One} minute ago","{One} minuto(i) fa"
"{One} month ago","{One} month ago","{One} mese(i) fa"
"{One} year ago","{One} year ago","{One} anno(i) fa"
Action,Action,Azione
"Back to Inbox","Back to inbox","Indietro a In Arrivo"
"Block Sender","Block Sender","Blocca Mittente"
"Blocked at","Blocked at","Bloccato il"
"Blocked users","Blocked users","Utenti bloccati"
Chat,Chat,Chat
"Chat with {Username}","Chat with {Username}","Chatta con {Username}"
"Completely remove","Completely remove","Rimuovi completamente"
folder_important,Important,cartella_importanti
folder_inbox,Inbox,cartella_in_arrivo
folder_sent,"Sent Items",cartella_inviati
folder_starred,Starred,cartella_star
folder_trash,Trash,cartella_cestino
I'm,I'm,"Io sono"
"Just now","Just now",Adesso
Loading...,Loading...,Caricamento...
"Mark as Important","Mark as Important","Segna come Importante"
"Mark as Read","Mark as Read","Segna come Letto"
"Mark as Starred","Mark as Starred","Segna come Star"
Message,Message,Messaggio
"Message has been sent","Message has been sent","Il messaggio è stato inviato"
"Messages have been completely removed","Messages have been completely removed","Il messaggio è stato rimosso completamente"
"Messages have been restored","Messages have been restored","Il messaggio è stato ripristinato"
"Move to Trash","Move to Trash","Muovi nel Cestino"
"My messages","My messages","I miei messaggi"
New,New,Nuovo
"New message","New message","Nuovo messaggio"
Refresh,Refresh,Ricarica
"Remove from Important folder","Remove from Important folder","Rimuovi da cartella Importanti"
"Remove from Starred folder","Remove from Starred folder","Rimuovi da cartella Preferiti"
"Removed from sale","Removed from sale","Rimosso da in vendita"
"Restore from Trash folder","Restore from Trash folder","Ripristina da cartella Cestino"
Scammer!,Scammer!,Frode!
"Selected messages has been marked as Important","Selected messages has been marked as Important","I messaggi selezionati sono stati segnati come Importanti"
"Selected messages have been marked as read","Selected messages have been marked as read","I messaggi selezionati sono stati segnati come letti"
"Selected messages have been moved to Starred folder","Selected messages have been moved to Starred folder","I messaggi selezionati sono stati spostati nella cartella Preferiti"
"Selected messages have been moved to trash folder","Selected messages have been moved to trash folder","I messaggi selezionati sono stati spostati nella cartella Cestino"
"Selected messages have been removed from Important folder","Selected messages have been removed from Important folder","I messaggi selezionati sono stati rimossi dalla cartella Importanti"
"Selected messages have been removed from Starred folder","Selected messages have been removed from Starred folder","I mesaggi selezionati sono stati rimossi dalla cartella Preferiti"
"Send message","Send message","Invia messaggio"
"The website has been sold or removed from sales.","The website has been sold or removed from sales.","Il sito web è stato venduto oppure rimosso dalla vendita."
"This user has blocked you","This user has blocked you","Questo utente ti ha bloccato"
"Type your message here...","Type your message here...","Scrivi il tuo messaggio qui..."
"Unauthorized users can not send messages","Unauthorized users can not send messages","Gli utenti non autorizzati non possono inviare i messaggi"
Unblock,Unblock,Sblocca
"User has been blocked","User has been blocked","L'utente è stato bloccato"
"User has been blocked and marked as a spammer","User has been blocked and marked as a spammer","L'utente è stato bloccato e segnalato come spammer"
"User has been unblocked","User has been unblocked","L'utente è stato sbloccato"
"You are forbidden to send messages","You are forbidden to send messages","Sei inabilitato a inviare i messaggi"
"You can't send message to yourself","You can't send message to yourself","Non puoi inviare messaggi a te stesso"
"You have blocked this user. {Click here} to unblock","You have blocked this user. {Click here} to unblock","Hai bloccato questo utente. {Click here} per sbloccarlo"
