phrase,source_en,translation
Category,Category,Categoria
"Congratulations. Your website/domain is on sale","Congratulations. Your website/domain is on sale","Congratulazioni. Il tuo Sito Web/Dominio è in vendita"
Domain/Website,Domain/Website,"Dominio/Sito Web"
Field,Field,Campo
"Fill out the form","Fill out the form","Compila il form"
"Information has been updated","Information has been updated","Le informazioni sono state aggiornate"
"Insert widget on your main page and click ""verify"" button. Feel free to modify HTML/CSS, but leave do follow link.","Insert widget on your main page and click ""verify"" button. Feel free to modify HTML/CSS, but leave do follow link.","Inserisci il widget nella tua pagina principale e premi sul bottone ""Verifica"". Puoi modificare l'HTML/CSS ma devi lasciare intatto il link follow."
"My Websites/Domains on Sale","My Websites/Domains on Sale","I miei Domini/Siti Web in Vendita"
"Nothing is sold","Nothing is for sale","Non è stato venduto niente"
"Put up for sale","Put up for sale","Mettilo in vendita"
"Remove from sale","Remove from sale","Rimuovi da in vendita"
"Sell Website/Domain","Sell Website/Domain","Vendi Dominio/Sito Web"
"The website is already on sale","The website is already on sale","Il sito web è già in vendita"
"The widget has been found","The widget has been found","Il widget è stato trovato!"
"The widget has not been found","The widget has not been found","Non è stato trovato il widget."
Value,Value,Valore
Verify,Verify,Verifica
"Visit website","Visit website","Visita Sito Web"
"Website {Domain} has been removed from sale","Website {Domain} has been removed from sale","Il sito web {Domain} è stato rimosso dalla vendita."
