phrase,source_en,translation
"{Portal} allows people you to sell your website.","{Portal} allows people you to sell your website or domain name and allow people contact with you who may interest with your website/domain.","{Portal} ti permette di vendere il tuo Dominio o il tuo Sito Web."
"After analysis and calculation of your website price done, click ""Sell my website/domain""","After analysis and calculation of your website price done, click ""Sell my website/domain"" link under Widgets section. Or click Dashboard link on the menu.","Dopo che è stata fatta l'analisi e il calcolo del valore del tuo sito web, premi su ""Vendi Dominio/Sito Web"""
"And wait for people contact with you.","And wait for people contact with you. If anybody interesting with your website/domain name, you will receive an e-mail from your potential buyer including his/her contact information.","Attendi di essere contattato dalle persone interessate."
"Check websites and domains on sale","Check websites and domains on sale","Controlla i domini e i siti web in vendita"
"Check your domain/website listed on {Buy Websites} page","Check your domain/website listed on {Buy Websites} page.","Controlla che il tuo dominio/sito web sia listato nella pagina {Buy Websites}"
"Check your website/domain on {Portal}","Check your website/domain on {Portal} (Open {Portal} home page and write your website/domain name then click ""Calculate"").","Controlla il tuo dominio/sito web su {Portal}"
"Do you want to sell your website, sell your domain name?","Do you want to sell your website, sell your domain name?","Vuoi vendere il tuo Sito Web? Vuoi vendere il tuo Dominio?"
"Register/Login to {Portal}","Register/Login to {Portal}.","Registrati/Entra in {Portal}"
"Sale instruction description","How to sell my website or domain on {Portal}","Come vendere il mio sito o dominio {Portal}"
"Sale instruction page keywords","sell domain,sell website,sell website for free,sell domain for free,sell my domain,sell my website","vendere dominio, vendere sito web, vendere sito web gratuitamente, vendere dominio gratuito, vendere il mio dominio, vendere il mio sito web"
"Sell Websites - Sell Domains","Sell Websites - Sell Domains","Vendi Domini / Siti Web"
"Site Verification page opens","Site Verification page opens. Put the HTML code on your website main(root) page and enter the information that asked. And click ""Verify"" button. If verification done succesfully then fill out the form and your website/domain started to sell on {Portal}.","Si aprirà la pagina di Verifica del Sito"
"To tell people that you may sell your website or sell domain","To tell people that you may sell your website or sell domain name with a good offer follow this easy instructions.","Per far sapere agli altri che abbiamo intenzione di vendere il nostro dominio o il nostro sito web"
