phrase,source_en,translation
"Complain date","Complain date","Data reclamo"
Legend,Legend,Legenda
"Prevent {Scammer} from sending letters","Prevent {Scammer} from sending letters","Previeni agli {Scammer} di inviare messaggi"
"Scam reports","Scam reports","Resoconto Frode"
Scammer,Scammer,Scammer
Sender,Sender,Mittente
"Sent at","Sent at","Inviato il"
"The dialog between {Sender} and {Scammer}","The dialog between {Sender} and {Scammer}","Il dialogo tra {Sender} e {Scammer}"
"User has been restricted","User has been restricted","Hai ristretto gli accessi a questo utente"
"View dialog","View dialog","Guarda Dialogo"
