phrase,source_en,translation
"Access denied","Access denied","Accesso negato"
"Index page description","How much is a website price? {Portal} is a free website worth calculator and domain value estimator. You Can Sell and Buy Websites and Domain names with no cost.","Calcola online gartuitamente il prezzo di qualsiasi sito web! Portale per calcolare il valore di un sito web e per vendere/acquistare domini/siti web. "
"Index page keywords","buy website,domain estimator,domain valuation,domain value,domain value calculator,domain value estimator,domain worth,how much is my website worth,price website,sell website,site price,site value,site value calculator,site worth,value my website,value of a website,web worth,website calculator,website price,website price calculator,website valuation,website value,website value calculator,website value checker,website value estimator,website worth,website worth calculator,website worth checker,what is my domain worth,what is my website worth,worth of web,worth of website","mercato siti web,mercato domini web,acquista sito web,compra sito, valore dominio,calcola valore dominio,valore sito web,calcola valore sito web,costo sito web, prezzo sito web,quanto cosa il mio dominio, prezzo del mio sito web,costo del mio sito,valuta prezzo sito,valuta valore sito,vendita web,acquisti web"
"Index page title","Get website cost online","Ottenere costo sito online"
"Internal server error","Internal server error","Errore server interno"
"Learn more","Learn more","Continua a Leggere"
OK,OK,OK
"Page not found","Page not found","Pagina non trovata"
"This website uses cookies to ensure you get the best experience on our website.","This website uses cookies to ensure you get the best experience on our website.","Questo sito web utilizza i cookie per assicurarci che tu possa usufruire della migliore esperienza utente"
