phrase,source_en,translation
"{Click here} if you already have an account and just need to login.","{Click here} if you already have an account and just need to login.","{Click here} se hai già un account e vuoi effettuare il Log In."
"A confirmation email has been sent on {ConfirmationEmail}","A confirmation email has been sent on {ConfirmationEmail}. Please go to your inbox now, open the email and click on activation link.","E' stata inviata una email di conferma a {ConfirmationEmail}"
Active,Active,Attivo
Administrator,Administrator,Amministratore
"Allow send messages","Allow send messages","Permetti invio di messaggi"
Blocked,Blocked,Bloccato
"Can send message","Can send message","Può inviare messaggi"
"Change Password Form","Change Password Form","Form Cambio Password"
"Confirmed Email","Confirmed Email","Email Confermata"
Congratulations!,Congratulations!,Congratulazioni!
"Create an account","Create an account","Crea un account"
"Create User","Create User","Crea Utente"
"Creating a {InstalledUrl} account is fast, easy, and free","Creating a {InstalledUrl} account is fast, easy, and free","Creare un account su {InstalledUrl} è veloce, facile e gratuito"
"Delete user","Delete user","Cancella utente"
Deleted,Deleted,Cancellato
"Don't have an account yet? {Sign up now}!","Don't have an account yet? {Sign up now}!","Non hai ancora un account? {Sign up now}!"
"Edit user data","Edit user data","Modifica dati utente"
Email,Email,Email
"Email confirmation","Email confirmation","Conferma email"
Field,Field,Campo
"Forgot password instruction","You forgot your password? No big deal. Give us your email address and we will send you you a message with some simple instructions to reset it. You will have to click the link in the email we send in order to reset your password.","Istruzioni password dimenticata"
"Forgot your password?","Forgot your password?","Hai dimenticato la password?"
"Go check your email and confirm RIGHT NOW","Go check your email and confirm RIGHT NOW","Controlla la tua email e conferma ADESSO"
"I have read and accept the {Terms and Conditions}","I have read and accept the {Terms and Conditions}","Ho letto e accetto i {Terms and Conditions}"
"Incorrect old password","Incorrect old password","Vecchia password non corretta"
"Invalid email or password","Invalid email or password","Password o email non valida"
"Last login at","Last login at","Ultimo login"
"Last login IP Address","Last login IP Address","Indirizzo IP Ultimo Login"
"Login Form","Login Form","Form Login"
"Manage Users","Manage Users","Gestisci Utenti"
"Modified at","Modified at","Modificato il"
"Need an account?","Need an account?","Hai bisogno di un account?"
"Old password","Old password","Vecchia password"
"or wait, I remember!","or wait, I remember!","o aspetta, me la ricordo!"
Password,Password,Password
"Password has been changed","Password has been changed","La password è stata cambiata"
"Password recovery","Password recovery","Recupero password"
"Passwords do not match","Passwords do not match","Le password non corrispondono"
"Please Sign In","Please Sign In","Per favore effettua il Login"
"Profile Settings","Profile Settings","Impostazioni Profilo"
Re-Password,Re-Password,Re-Password
"Register Form","Register Form","Form Registrazione"
"Register new account","Register new account","Registra un nuovo account"
"Registered at","Registered at","Registrato il"
"Registered IP","Registered IP","IP di Registrazione"
"Registration at {InstalledUrl}","Registration at {InstalledUrl}","Registrazione su {InstalledUrl}"
"Remember me","Remember me",Ricordami
"Reset password","Reset password","Resetta password"
Root,Root,Root
"Set new password","Set new password","Imposta nuova password"
"Sign in","Sign in",Entra
"Sign up","Sign up",Registrati
"Sign up now","Sign up now","Registrati adesso"
"The password has been changed. Use new password to login","The password has been changed. Use new password to login","La password è stata cambiata. Utilizza la nuova password per entrare"
Unknown,Unknown,Sconosciuto
User,User,Utente
"User has {CountOnSale} website(-s) on sale","User has {CountOnSale} website(-s) on sale","Questo utente ha {CountOnSale} sito(i) web in vendita"
"User has been blocked or deleted","User has been blocked or deleted","L'utente è stato bloccato oppure cancellato"
"User has been created","User has been created","L'utente è stato creato"
"User has been deleted","User has been deleted","L'utente è stato cancellato"
"User Inbox","User inbox","In Arrivo Utente"
"User info","User info","Informazioni Utente"
"User role","User role","Ruolo Utente"
"User status","User status","Status Utente"
Username,Username,Username
Value,Value,Valore
"Verification code","Verification code","Codice di verifica"
"We didn't find such email address","We didn't find such email address","Non abbiamo trovato quell'indirizzo email"
"We have sent you confirmation email. Please confirm it","We have sent you confirmation email. Please confirm it","Ti abbiamo inviato una email di conferma. Per favore confermati"
"You have been disconnected from the session","You have been disconnected from the session","Sei stato disconnesso dalla sessione"
"You have successfully confirmed your email address.","You have successfully confirmed your email address.","Hai confermato il tuo indirizzo email con successo."
