phrase,source_en,translation
"{NumOfWebsites} total website price calculated","{NumOfWebsites} total website price calculated.","In totale abbiamo calcolato il prezzo di {NumOfWebsites} siti web"
"{Percent} of sites are faster","{Percent} of sites are faster","{Percent} dei siti sono più veloci"
"{Percent} of sites are slower","{Percent} of sites are slower","{Percent} dei siti sono più lenti"
"{Seconds} Seconds","{Seconds} Seconds","{Seconds} Secondi"
"{Website} worth is {Cost}","{Website} worth is {Cost}","Il valore di {Website} è di {Cost}"
"Add to catalog. Free","Add to catalog. Free","Aggiungi al Catalogo. Gratis"
"Alexa Rank","Alexa Rank","Valutazione Alexa"
"Alexa Stats","Alexa Stats","Statistiche Alexa"
"Antivirus Stats","Antivirus Stats","Statistiche Antivirus"
AVG,AVG,AVG
"Basic information","Basic information","Informazioni di Base"
"Bing Index","Bing Index","Indice Bing"
Calculate,Calculate,Calcola
"Catalog Stats","Catalog Stats","Statistiche Catalogo"
City,City,Città
"Click count","Click count","Conteggio click"
Coins,Coins,Coin
"Comment count","Comment count","Conto commenti"
"Comment plugin count","Comment plugin count","Commenti contano nel plugin"
"Contact seller","Contact seller","Contatta Venditore"
"Could not reach host: {Host}","Could not reach host: {Host}","Impossibile trovare l'host: {Host}"
Country,Country,Paese
"Daily Ads Revenue","Daily Ads Revenue","Reddito Ads Giornaliero"
"Daily Global Rank Trend","Daily Global Rank Trend","Classifica Globale Giornaliera Trend"
"Daily Pageviews","Daily Pageviews","Visualizzazioni Pagina Giornaliere"
"Daily Reach (Percent)","Daily Reach (Percent)","Portata Giornaliera (Percentuale)"
"Daily Unique Visitors","Daily Unique Visitors","Visite Uniche Giornaliere"
Description,Description,Descrizione
Dmoz,Dmoz,Dmoz
Domain,Domain,Dominio
"Domain Authority","Domain Authority","Domain Authority"
"Domain Authority Description","Domain authority is a metric, developed by SEOMoz, to predict the ability of a website / domain to rank in search engines. Domain authority uses a 0 to 100 logarithmic scale. A high Domain authority score means your complete website / all the pages on your domain have the potential to rank well in search engine results.","Domain authority is a metric, developed by SEOMoz, to predict the ability of a website / domain to rank in search engines. Domain authority uses a 0 to 100 logarithmic scale. A high Domain authority score means your complete website / all the pages on your domain have the potential to rank well in search engine results."
"Domain name","Domain name","Nome Dominio"
"Estimate other website","Estimate other website","Valuta altri siti web"
"Estimate Price","Estimate Price","Valuta Prezzo"
"Estimated Daily Stats","Estimated Daily Stats","Statistiche Stimate Giornaliere"
"Estimated Data Analytics","Estimated Data Analytics","Dati Stimati Analytics"
"Estimated Monthly Stats","Estimated Monthly Stats","Statistiche Stimate Mensili"
"Estimated website cost of any domain","Estimated website cost of any domain.","Stima costo di qualsiasi dominio di un sito web"
"Estimated worth","Estimated worth","Valore Stimato"
"Estimated Yearly Stats","Estimated Yearly Stats","Statistiche Stimate Annuali"
"Explore more","Explore more","Guarda di Più"
"Facebook Stats","Facebook Stats","Statistiche Facebook"
Failed,Failed,Fallito
"Get code","Get code","Ottieni Codice"
"Get website review","Get website review","Ottieni Analisi SEO"
"Get widget","Get widget","Ottieni Widget"
"Get widget / Sale website","Get widget / Sale website","Ottieni Widget / Vendi Sito"
"Global Rank","Global Rank","Classifica Globale"
Google,Google,Google
"Google Backlinks","Google Backlinks","Backlink di Google"
"Google Index","Google Index","Indice Google"
Gplus+,Gplus+,GPlus+
Grid,Grid,Griglia
"Has Estimated Worth of","Has Estimated Worth of","Ha un Valore Stimato di"
"How much {Website} is worth?","How much {Website} is worth?","Quanto vale il sito web {Website}?"
"IP Address","IP Address","Indirizzo IP"
"Is On Sale","Is On Sale","E' In Vendita"
Keywords,Keywords,"Parole chiave"
Latitude,Latitude,Latitudine
"Leave empty input","Leave empty input","Lascia campo vuoto"
"Like count","Like count","Conteggio Mi Piace"
Likes,Likes,"Mi Piace"
LinkedIn,LinkedIn,LinkedIn
"Links in","Links in","Link in"
List,List,Lista
"List of upcoming websites. Page {PageNr}","List of upcoming websites. Page {PageNr}","Lista dei nuovi siti web. Pagina {PageNr}"
"Load speed","Load speed","Velocità caricamento"
"Local Rank","Local Rank","Classifica Locale"
"Location Stats","Location Stats","Statistiche Posizione"
Longitude,Longitude,Longitudine
"Manage Websites","Manage Websites","Gestisci Siti Web"
McAfee,McAfee,McAfee
"Monthly Ads Revenue","Monthly Ads Revenue","Reddito Ads Mensile"
"Monthly page view","Monthly page view","Visualizzazioni pagina Mensili"
"Monthly Pageviews","Monthly Pageviews","Visualizzazioni pagina Mensili"
"Monthly revenue","Monthly revenue","Reddito Mensile"
"Monthly Unique Visitors","Monthly Unique Visitors","Visitatori Unici Mensili"
"More actions","More actions","Più azioni"
"MOZ Links","MOZ Links","MOZ Links"
"MOZ Links Description","The number of links in MOZ to the URL","The number of links in MOZ to the URL"
Norton,Norton,Norton
Notes,Notes,Note
"Number of websites","Number of websites","Numero di siti web"
"Page Authority","Page Authority","Page Authority"
"Page Authority Description","Page authority is a metric, developed by SEOMoz, to predict the ability for a specific page to rank in search engines. Page authority uses a 0 to 100 logarithmic scale. A high Page authority score means your page has the potential to rank well in search engine results.","Page authority is a metric, developed by SEOMoz, to predict the ability for a specific page to rank in search engines. Page authority uses a 0 to 100 logarithmic scale. A high Page authority score means your page has the potential to rank well in search engine results."
"Page Rank",PageRank,"Page Rank"
Pins,Pins,Pins
"Re-Calculate estimate price","Re-Calculate estimate price","Ri-Calcola Prezzo Stimato"
"Reaction count","Reaction count","Conteggio delle reazioni"
Region,Region,Regione
"Related Keywords","Related Keywords","Parole chiave correlate"
"Remove website","Remove website","Rimuovi sito web"
"Remove website from sale","Remove website from sale","Rimuovi sito web da vendita"
"Review average","Review average","Media Recensione"
"Review count","Review count","Conto Recensione"
"Sale Website","Sale Website","Vendita Sito Web"
"Sales Information","Sales Information","Informazioni di Vendita"
"Search Engine Stats","Search Engine Stats","Statistiche Motori di Ricerca"
"Search Traffic","Search Traffic","Traffico di ricerca"
"Seller has blocked you","Seller has blocked you","Il venditore ti ha bloccato"
"Selling price","Selling price","Prezzo di vendita"
"Share count","Share count","Conteggio Condivisioni"
"Show Your Visitors Your Website Value","Show Your Visitors Your Website Value","Mostra ai Tuoi Visitatori il Valore del Tuo Sito Web"
"Similar Websites","Similar Websites","Siti web simili"
"Site Price calculated at: {Time}","Site Price calculated at: {Time}","Valore Sito calcolato il: {Time}"
"Social Stats","Social Stats","Statistiche Social"
Stumbleupon,Stumbleupon,Stumbleupon
Success,Success,Successo
"The website's estimated price has been recalculated. {Click here} to see a result","The website's estimated price has been recalculated. {Click here} to see a result","Il valore stimato del sito web è stato ricalcolato. {Click here} per vedere il risultato"
"This website is on sale","This website is on sale","Questo sito web è in vendita"
Title,Title,Titolo
"TOP by Cost","TOP by Cost","TOP per Prezzo"
"TOP by Countries","TOP by Countries","TOP per Paese"
"TOP by PageRank","TOP by PageRank","TOP per PageRank"
"Top websites by countries. Diagram. Page {PageNr}","Top websites by countries. Diagram. Page {PageNr}","Siti web Top per paese. Diagramma. Pagina {PageNr}"
"Top websites by PageRank. Diagram","Top websites by PageRank. Diagram","Siti web Top per PageRank. Diagramma"
"Top websites by price. Page {PageNr}","Top websites by cost. Page {PageNr}","Siti web Top per prezzo. Pagina {PageNr}"
"Top websites having {PageRank} PageRank. Page {PageNr}","Top websites having {PageRank} PageRank. Page {PageNr}","Siti web Top che hanno {PageRank} PageRank. Pagina {PageNr}"
"Top websites in {Country}. Page {PageNr}","Top websites in {Country}. Page {PageNr}","Siti web Top in {Country}. Pagina {PageNr}"
"Total count","Total count","Conteggio Totale"
Twitter,Twitter,Twitter
"Unique monthly visitors","Unique monthly visitors","Visitatori Unici Mensili"
"View website info","View website info","Guarda info sito web"
"Webmaster info","Webmaster info","Info Webmaster"
Website,Website,"Sito Web"
"Website {Website} has been removed from sale","Website {Website} has been removed from sale","Il sito web {Website} è stato rimosso dalla vendita"
"Website cost","Website cost","Prezzo Sito Web"
"website description","{Website} worth is {Cost}","Il valore di {Website} è di {Cost}"
"Website has been deleted","Website has been deleted","Il Sito Web è stato cancellato"
"website keywords","{Website} price, {Website} worth, {Website} estimate price, {Website} estimate cost, {Website} estimate worth","parole chiave sito web"
"Website owner? {Sale Website}!","Website owner? {Sale Website}!","Proprietario del Sito? {Sale Website}!"
WHOIS,WHOIS,WHOIS
Yahoo,Yahoo,Yahoo
"Yahoo Index","Yahoo Index","Indice Yahoo"
"Yearly Ads Revenue","Yearly Ads Revenue","Reddito Ads Annuale"
"Yearly Pageviews","Yearly Pageviews","Visualizzazioni Pagina Annuali"
"Yearly Unique Visitors","Yearly Unique Visitors","Visitatori Unici Annuali"
"You have blocked this user. {Click here} to unblock","You have blocked this user. {Click here} to unblock","Hai bloccato questo utente. {Click here} per sbloccarlo"
"You should login to contact seller","You should login to contact seller","Devi effettuare il Login per poter contattare il venditore"
