phrase,source_en,translation
"Admin panel","Admin panel","Admin panel"
"Bulk Import","Bulk Import",Bulkimport
Dashboard,Dashboard,Instrumentbräda
"Flush cache","Flush cache","Rensa cache"
Localization,Localization,Plats
No,No,Nej
"Run garbage collector","Run garbage collector","Kör sophämtare"
"Run widget checker","Run widget checker","Kör widget checker"
"Sitemap generation","Sitemap generation","Sitemap generation"
"There are {NumOfScam} complaints of fraud. {Click here} to take an action.","There are {NumOfScam} complaints of fraud. {Click here} to take an action.","Det finns {NumOfScam} klagomål av bedrägeri. {Click here} för att vidta en åtgärd."
Tools,Tools,Verktyg
"We have {NumOfMissingTrans} missing translations. {Click here} to find out more.","We have {NumOfMissingTrans} missing translations. {Click here} to find out more.","Vi har {NumOfMissingTrans} saknade översättningar. {Click here} för att ta reda på mer."
"Welcome back, {Username}","Welcome back, {Username}","Välkommen tillbaka, {Username}"
Yes,Yes,Ja
"You are using administration rights over {Username}","You are using administration rights over {Username}","Du använder administratörsbehörighet över {Username}"
