phrase,source_en,translation
"Ascending order","Ascending order","Stigande ordning"
Category,Category,Kategori
"Category has been created","Category has been created","Kategori har skapats"
"Category Translation","Category Translation","Kategori översättning"
"Create Category","Create Category","Skapa kategori"
"Create translation","Create translation","Skapa översättning"
"Descending order","Descending order","Fallande ordning"
"Edit category","Edit category","Ändre kategori"
"Is sold since","On sale since","Är såld sedan"
"Manage Categories","Manage Categories","Hantera kategorier"
"Selling date","Selling date","Säljande datum"
Slug,Slug,"Slå till"
"Sort by","Sort by","Sertera efter"
"Translation for this language already exists. {Update translation}","Translation for this language already exists. {Update translation}","Översättning för detta språk finns redan. {Update translation}"
"Translation has been created","Translation has been created","Översättning har skapats"
"Translation has been deleted","Translation has been deleted","Översättning har raderats"
"Translation has been updated","Translation has been updated","Översättning har uppdaterats"
"Update translation","Update translation","Uppdatera översättning"
"Websites in the category {Category}. Page {PageNr}","Websites in the category {Category}. Page {PageNr}","Hemsidor i denna kategori {Category}. Sida {PageNr}"
"Websites on sale. Page {PageNr}","Websites on sale. Page {PageNr}","Hemsidor på försäljning.  Sida {PageNr}"
