phrase,source_en,translation
Body,Body,Kropp
"Contact page description","We are ready to assist you with any questions or problems you may have. Please fill out following form to contact us by e-mail.","Vi är redo att hjälpa dig med eventuella frågor eller problem som kan uppstå. Vänligen fyll i följande formulär för att kontakta oss via e-post."
"Contact page keywords","{Portal} contact form, contact {Portal}","{Portal} kontakt formulär, kontakta {Portal}"
"Contact us","Contact us","Kontakta oss"
Email,Email,E-post
Name,Name,Namn
Subject,Subject,Ämne
