phrase,source_en,translation
"Calculation Error Code 102","Couldn't grab html from website","Det gick inte att ta html från hemsidan"
"Calculation Error Code 103","Website contains badwords","Hemsidan innehåller dåliga ord"
"Calculation Error Code 201","Error while inserting data","Fel vid infogning av data"
"Calculation Error Code 202","Error while updating data","Fel vid uppdatering av data"
"Sitemap error code 101","Make sure ""sitemap"" directory and ""sitemap.xml"" file has writable permissions","Kontrollera ""sitemap"" katalog och ""sitemap.xml"" fil har skrivbehörighet"
