phrase,source_en,translation
"Any category","Any category","Alla kategorier"
"Any language","Any language","Alla språk"
"Can't close temporary file","Can't close temporary file","Det går inte att stänga temporär fil"
"Can't create temporary file","Can't create temporary file","Kan inte skapa temporär fil"
"Category name","Category name","Kategori namn"
"Choose any category","Choose any category","Välj en kategori"
"Choose any language","Choose any language","Välj ett språk"
"Couldn't open zip archive","Couldn't open zip archive","Kunde inte öppna ZIP arkivet"
"Create Language","Create Language","Skapa språk"
"Create new Language","Create new Language","Skapa nytt språk"
"Create new phrase","Create new phrase","Skapa ny fras"
"Create phrase","Create phrase","Skapa fras"
"Created at","Created at","Skapades den"
"Default language can't be deleted","Default language can't be deleted","Standardspråket kan inte tas bort"
"Default language can't be disabled","Default language can't be disabled","Standardspråket kan inte inaktiveras"
"Default language must be specified","Default language must be specified","Standardspråket måste anges"
"Do not copy translations","Do not copy translations","Kopiera inte översättningar"
"Edit {Language} language","Edit {Language} language","Ändra {Language} språk"
"Edit phrase","Edit phrase","Ändra fras"
"Existing translations","Existing translations","Befintliga översättningar"
Export,Export,Exportera
"Export Translation","Export Translation","Exportera översättning"
"Find phrase/translation","Find a phrase/translation","Hitta fras/översättning"
"Forced import","Forced import","Tvångs import"
"Ignoring file {File} because it's not a csv file","Ignoring file {File} because it's not a csv file","Ignorera fil {File} eftersom det inte är en CSV-fil"
Import,Import,Importera
"Import Translation","Import Translation","Importera översättning"
"Incorrect Language ID format","Incorrect Language ID format","Fel språk ID-format"
"Invalid category name","Invalid category name","Ogiltigt kategorinamn"
"Invalid format of {Row} row in {Category} category","Invalid format of {Row} row in {Category} category","Ogiltigt format av {Row} rad i {Category} kategori"
"Is Default","Is Default","är Standard"
"Is Enabled","Is Enabled","är aktiverad"
Language,Language,Språk
"Language ID","Language ID","Språk ID"
"Make copy","Make copy","Skapa kopia"
"Manage existing languages","Manage Languages","Hantera språk"
"Manage Translations","Manage Translations","Hantera översättningar"
"Manage translations in {Category} category","Manage translations in {Category} category","Hantera översättningar i {Category} kategori"
"Missing translation for {Language}","Missing translation for {Language}","Saknas översättning av {Language}"
"Missing translations","Missing translations","Saknas översättning"
"New category","New category","Ny kategori"
"New language {Language} has been created","New language {Language} has been created","Nytt språk {Language} har skapats"
"New phrase has been created","New phrase has been created","Ny fras har skapats"
Phrase,Phrase,Fras
"Phrase has been translated","Phrase has been translated","Fras har översatts"
"Please choose language you want to export","Please choose language you want to export","Välj språk du vill exportera"
Search,Search,Sök
"The category {Category} has already been taken","The category {Category} has already been taken","Kategorin {Category} har redan tagits"
"The language {Language} doesn't exists in the system","The language {Language} doesn't exists in the system","Språket {Language} finns inte i systemet"
"The language doesn't exists","The language doesn't exists","Språket finns inte"
"The language must contain at least one category","The language must contain at least one category","Språket måste innehålla minst en kategori"
"The phrase with ID {ID} doesn't exists","The phrase with ID {ID} doesn't exists","Frasen med ID {ID} finns inte"
"This means that if there is a phrase translation it will be replaced","This means that if there is a phrase translation it will be replaced","Detta innebär att om det finns en fras översättning kommer det att ersättas"
"This phrase already exists in {Category} category","This phrase already exists in {Category} category","Frasen finns redan i {Category} kategori"
"Translate phrase","Translate phrase","Översätt fras"
Translation,Translation,Översättningar
"Translations for {Language} language have been imported","Translations for {Language} language have been imported","Översättning för {Language} språk har importeras"
"Unable to create stream from {File} file","Unable to create stream from {File} file","Det går inte att skapa ström från {File} fil"
"You are able upload only ZIP file","You are able upload only ZIP file","Du kan bara ladda upp ZIP filer"
"You need to install ZipArchive package","You need to install ZipArchive package","Du behöver installera ZipArchive paket"
"Zip file (translations)","Zip file (translations)","Zip fil (översättningar)"
