phrase,source_en,translation
"{Brandname} administration","{Brandname} administration","{Brandname} administrering"
"Dear {Name}","Dear {Name}","Kära {Name}"
"Forgot password?","Forgot password?","Glömt lösenord?"
"Please, do not reply to this message","Please, do not reply to this message","Snälla, svara inte på det här meddelandet"
Regards,Regards,Hälsningar
"Thank you for registration","Thank you for registration","Tack för registrering"
"Thank you for registration at {BranUrl}. Click here: {VerifyUrl}","Thank your for your registration at {BranUrl}. To activate your account please follow this link: {VerifyUrl}","Tack din för din registrering på {Brand Url}. För att aktivera ditt konto följ denna länk: {Verify Url}"
"To reset password open following link: {RecoveryLink} and enter new password.","To reset password open following link: {RecoveryLink} and enter new password.","För att återställa lösenord öppna följande länk: {RecoveryLink} och skriv in ett nytt lösenord."
"We've received a request from you to reset a password. If you didn't do it, then just ignore this message.","We've received a request from you to reset a password. If you didn't do it, then just ignore this message.","Vi har fått en begäran från dig att återställa ett lösenord. Om du inte gör det, då bara ignorera detta meddelande."
"You got new message!","You got new message!","Du har nytt meddelande!"
"You've received new message from {Name}. Open following link to see a message: {messageLink}","You've received new message from {Name}. Open following link to see a message: {messageLink}","Du har fått ett nytt meddelande från {Name}. Öppna följande länk för att se ett meddelande: {messageLink}"
