phrase,source_en,translation
"{BrandName} | Atom feed","{BrandName} | Atom feed","{BrandName} | Atom flöde"
"{BrandName} | RSS feed","{BrandName} | RSS feed","{BrandName} | RSS flöde"
"{NumberOfMsg} Messages","{NumberOfMsg} Messages","{NumberOfMsg} Meddelanden"
"Added at","Added at","Lades till den"
All,All,Alla
"Are you sure you want to delete this item?","Are you sure you want to delete this item?","Är du säker du vill radera detta objekt?"
Atom,Atom,Atom
"Buy Websites","Buy Websites","Köp hemsidor"
"Click here","Click here","Klicka här"
Create,Create,Skapa
Delete,Delete,Radera
"Developed by {Developer}","Developed by {Developer}","Utvecklad av {Developer}"
"Displaying {start}-{end} of {count} results.","Displaying {start}-{end} of {count} results.","Visar {start}-{end} av {count} resultat."
Edit,Edit,Ändra
"Hello, {Username}","Hello, {Username}","Hej, {Username}"
Home,Home,Hem
ID,ID,ID
Inbox,Inbox,Inkorg
Language,Language,Språk
Logout,Logout,"Logga ut"
"Not on sale","Not on sale","Inte på försäljning"
"Nothing found","Nothing found","Inget hittades"
"On sale","On sale","På försäljning"
Optional,Optional,Frivilligt
OR,OR,ELLER
page_privacy_link,"Privacy Policy",Integritetspolicy
page_terms_link,"Terms and Conditions",Villkor
"Please choose category","Please choose category","Var god välj en kategori"
"Remove all records","Remove all records","Ta bort alla poster"
RSS,RSS,RSS
"See all messages","See all messages","Se alla meddelanden"
"Sell Websites","Sell Websites","Sälj hemsidor"
Settings,Settings,Inställningar
"Sign in","Sign in","Logga in"
Submit,Submit,Skicka
"Toggle navigation","Toggle navigation","Toggle navigering"
Top,Top,Top
Upcoming,Upcoming,Kommanden
Update,Update,Uppdatera
"Verification code","Verification code",Verifieringskod
View,View,Visa
