phrase,source_en,translation
"Action ""{action}"" does not exist in ""{controller}"".","Action ""{action}"" does not exist in ""{controller}"".","Action ""{action}"" finns inte i ""{controller}""."
"All records have been removed","All records have been removed","Alla poster har tagits bort"
"An error has occurred while trying to confirm your email. Please try again later.","An error has occurred while trying to confirm your email. Please try again later.","Ett fel har uppstått vid försök att bekräfta din e-post. Försök igen senare."
"An error occurred while sending email","An error occurred while sending email","Ett fel uppstod när du skickar e-post"
"An internal error occurred. Please try again later","An internal error occurred. Please try again later","Ett internt fel uppstod. Försök igen senare"
Attention!,Attention!,"Var uppmärksam!"
"Email has been sent","Email has been sent","E-post har skickats"
"Please, use mail client which support HTML markup","Please, use mail client which support HTML markup","Använd gärna e-postklient som stöder HTML-kod"
"Record has been deleted","Record has been deleted","Post har tagits bort"
"Record has been successfully modified","Record has been successfully modified","Record har framgångsrikt ändrats"
"Server temporarily unavailable. Please, try to register a little bit later","Server temporarily unavailable. Please, try to register a little bit later","Server inte tillgänglig för tillfället. Vänligen försök att registrera lite senare"
"Server temporarily unavailable. Try again later.","Server temporarily unavailable. Try again later.","Server inte tillgänglig för tillfället. Försök igen senare."
"The page you are looking for doesn't exists","The page you are looking for doesn't exist","Sidan du letar efter finns inte"
"The token is expired or does not valid. Please, try to register new account","The token is expired or does not valid. Please, try to register new account","Token är utgånget eller inte giltigt. Vänligen försök att registrera nytt konto"
"Unable to find user in database","Unable to find user in database","Det går inte att hitta användare i databasen"
"We've sent you email with instructions. Please check your inbox","We've sent you email with instructions. Please check your inbox","Vi har skickat e-post med instruktioner. Kontrollera din inkorg"
