phrase,source_en,translation
page_privacy_meta_description,"At {app_name}, one of our main priorities is the privacy of our visitors. This Privacy Policy document contains types of information that is collected and recorded by {app_name} and how we use it.","På {app_name} är en av våra huvudprioriteringar våra besökares integritet. Det här sekretesspolicydokumentet innehåller typer av information som samlas in och registreras av {app_name} och hur vi använder den."
page_privacy_meta_keywords,"privacy policy",integritetspolicy
page_privacy_meta_title,"Privacy Policy",Integritetspolicy
page_privacy_text,"<p>At {app_name}, one of our main priorities is the privacy of our visitors. This Privacy Policy document contains types of information that is collected and recorded by {app_name} and how we use it.</p>
<p>This privacy policy applies only to our online activities and is valid for visitors to our website with regards to the information that they shared and/or collect in {app_name}. This policy is not applicable to any information collected offline or via channels other than this website.</p>
<h2>Consent</h2>
<p>By using our website, you hereby consent to our Privacy Policy and agree to its terms.</p>
<h2>Information we collect</h2>
<p>The personal information that you are asked to provide is required to provide you with the service, and it is securely stored or, in the case of the contact form is not stored at all.</p>
<h2>How we use your information</h2>
<p>We use the information we collect in various ways, including to:</p>
<ul>
<li>Provide, operate, and maintain our website</li>
<li>Improve, personalize, and expand our website</li>
<li>Understand and analyze how you use our website</li>
<li>Develop new products, services, features, and functionality</li>
<li>Communicate with you, either directly or through one of our partners, including for customer service, to provide you with updates and other information relating to the website, and for marketing and promotional purposes</li>
<li>Find and prevent fraud</li>
</ul>
<h2>Log Files</h2>
<p>{app_name} follows a standard procedure of using log files. These files log visitors when they visit websites. All hosting companies do this and a part of hosting services' analytics. The information collected by log files include internet protocol (IP) addresses, browser type, Internet Service Provider (ISP), date and time stamp, referring/exit pages, and possibly the number of clicks. These are not linked to any information that is personally identifiable. The purpose of the information is for analyzing trends, administering the site, tracking users' movement on the website, and gathering demographic information.</p>
<h2>Cookies and Web Beacons</h2>
<p>Like any other website, {app_name} uses ‘cookies'. These cookies are used to store information including visitors' preferences, and the pages on the website that the visitor accessed or visited. The information is used to optimize the users' experience by customizing our web page content based on visitors' browser type and/or other information.</p>
<h2>DoubleClick DART Cookie</h2>
<p>Google is one of a third-party vendor on our site. It also uses cookies, known as DART cookies, to serve ads to our site visitors based upon their visit to www.website.com and other sites on the internet. However, visitors may choose to decline the use of DART cookies by visiting the Google ad and content network Privacy Policy at the following URL – <a href='https://policies.google.com/technologies/ads' target='_blank'>https://policies.google.com/technologies/ads</a>.</p>
<p>Some of advertisers on our site may use cookies and web beacons. Our advertising partners are listed below. Each of our advertising partners has their own Privacy Policy for their policies on user data. For easier access, we hyperlinked to their Privacy Policies below.</p>
<ul><li><a href='https://policies.google.com/technologies/ads' target='_blank'>Google</a></li></ul>
<h2>Advertising Partners Privacy Policies</h2>
<p>Third-party ad servers or ad networks uses technologies like cookies, JavaScript, or Web Beacons that are used in their respective advertisements and links that appear on {app_name}, which are sent directly to users' browser. They automatically receive your IP address when this occurs. These technologies are used to measure the effectiveness of their advertising campaigns and/or to personalize the advertising content that you see on websites that you visit.</p>
<p>Note that {app_name} has no access to or control over these cookies that are used by third-party advertisers.</p>
<h2>Third-Party Privacy Policies</h2>
<p>{app_name} Privacy Policy does not apply to other advertisers or websites. Thus, we are advising you to consult the respective Privacy Policies of these third-party ad servers for more detailed information.</p>
<p>You can choose to disable cookies through your individual browser options. To know more detailed information about cookie management with specific web browsers, it can be found at the browsers' respective websites. What Are Cookies?</p>
<h2>CCPA Privacy Policy (Do Not Sell My Personal Information)</h2>
<p>Under the CCPA, among other rights, California consumers have the right to:</p>
<ul>
<li>Request that a business that collects a consumer's personal data disclose the categories and specific pieces of personal data that a business has collected about consumers.</li>
<li>Request that a business delete any personal data about the consumer that a business has collected.</li>
<li>Request that a business that sells a consumer's personal data, not sell the consumer's personal data.</li>
<li>If you make a request, we have one month to respond to you. If you would like to exercise any of these rights, please contact us.</li>
</ul>
<h2>GDPR Privacy Policy (Data Protection Rights)</h2>
<p>We would like to make sure you are fully aware of all of your data protection rights. Every user is entitled to the following:</p>
<ul>
<li>The right to access – You have the right to request copies of your personal data. We may charge you a small fee for this service.</li>
<li>The right to rectification – You have the right to request that we correct any information you believe is inaccurate. You also have the right to request that we complete the information you believe is incomplete.</li>
<li>The right to erasure – You have the right to request that we erase your personal data, under certain conditions.</li>
<li>The right to restrict processing – You have the right to request that we restrict the processing of your personal data, under certain conditions.</li>
<li>The right to object to processing – You have the right to object to our processing of your personal data, under certain conditions.</li>
<li>The right to data portability – You have the right to request that we transfer the data that we have collected to another organization, or directly to you, under certain conditions.</li>
<li>If you make a request, we have one month to respond to you. If you would like to exercise any of these rights, please contact us.</li>
</ul>
<h2>Children's Information</h2>
<p>Another part of our priority is adding protection for children while using the internet. We encourage parents and guardians to observe, participate in, and/or monitor and guide their online activity.</p>
<p>{app_name} does not knowingly collect any Personal Identifiable Information from children under the age of 13. If you think that your child provided this kind of information on our website, we strongly encourage you to contact us immediately and we will do our best efforts to promptly remove such information from our records.</p>","<p>På {app_name} är en av våra huvudprioriteringar våra besökares integritet. Det här sekretesspolicydokumentet innehåller typer av information som samlas in och registreras av {app_name} och hur vi använder den.</p>
<p>Denna integritetspolicy gäller endast våra onlineaktiviteter och är giltig för besökare på vår webbplats med avseende på informationen som de delat och/eller samlar in i {app_name}. Denna policy är inte tillämplig på information som samlas in offline eller via andra kanaler än denna webbplats.</p>
<h2>Samtycke</h2>
<p>Genom att använda vår webbplats samtycker du härmed till vår integritetspolicy och samtycker till dess villkor.</p>
<h2>Information vi samlar in</h2>
<p>Den personliga information som du ombeds lämna krävs för att tillhandahålla tjänsten till dig, och den lagras säkert eller, när det gäller kontaktformuläret, inte alls.</p>
<h2>Hur vi använder din information</h2>
<p>Vi använder informationen vi samlar in på olika sätt, inklusive för att:</p>
<ul>
<li>Tillhandahålla, driva och underhålla vår webbplats</li>
<li>Förbättra, anpassa och utöka vår webbplats</li>
<li>Förstå och analysera hur du använder vår webbplats</li>
<li>Utveckla nya produkter, tjänster, funktioner och funktionalitet</li>
<li>Kommunicera med dig, antingen direkt eller genom en av våra partners, inklusive för kundtjänst, för att förse dig med uppdateringar och annan information som rör webbplatsen och för marknadsförings- och reklamsyfte</li>
<li>Hitta och förhindra bedrägerier</li>
</ul>
<h2>Loggfiler</h2>
<p>{app_name} följer en standardprocedur för att använda loggfiler. Dessa filer loggar besökare när de besöker webbplatser. Alla värdföretag gör detta och är en del av värdtjänsternas analys. Informationen som samlas in av loggfiler inkluderar IP-adresser (Internet Protocol), webbläsartyp, Internetleverantör (ISP), datum- och tidsstämpel, referens-/utgångssidor och möjligen antalet klick. Dessa är inte kopplade till någon information som är personligt identifierbar. Syftet med informationen är att analysera trender, administrera webbplatsen, spåra användares rörelser på webbplatsen och samla in demografisk information.</p>
<h2>Cookies och webbsignaler</h2>
<p>Precis som alla andra webbplatser använder {app_name} ""cookies"". Dessa cookies används för att lagra information inklusive besökarnas preferenser och de sidor på webbplatsen som besökaren besökte eller besökte. Informationen används för att optimera användarnas upplevelse genom att anpassa innehållet på vår webbsida baserat på besökarnas webbläsartyp och/eller annan information.</p>
<h2>DoubleClick DART Cookie</h2>
<p>Google är en av en tredjepartsleverantör på vår webbplats. Den använder också cookies, så kallade DART-cookies, för att visa annonser till våra webbplatsbesökare baserat på deras besök på www.website.com och andra webbplatser på internet. Besökare kan dock välja att avböja användningen av DART-cookies genom att besöka Googles sekretesspolicy för annons- och innehållsnätverk på följande webbadress – <a href='https://policies.google.com/technologies/ads' target='_blank '>https://policies.google.com/technologies/ads</a>.</p>
<p>En del av annonsörerna på vår webbplats kan använda cookies och webbsignaler. Våra annonspartners listas nedan. Var och en av våra annonspartners har sin egen integritetspolicy för sina policyer för användardata. För enklare åtkomst länkade vi till deras sekretesspolicyer nedan.</p>
<ul><li><a href='https://policies.google.com/technologies/ads' target='_blank'>Google</a></li></ul>
<h2>Sekretesspolicyer för Advertising Partners</h2>
<p>Tredjeparts annonsservrar eller annonsnätverk använder teknik som cookies, JavaScript eller webbsignaler som används i deras respektive annonser och länkar som visas på {app_name}, som skickas direkt till användarnas webbläsare. De får automatiskt din IP-adress när detta inträffar. Dessa tekniker används för att mäta effektiviteten av deras reklamkampanjer och/eller för att anpassa annonsinnehållet som du ser på webbplatser som du besöker.</p>
<p>Observera att {app_name} inte har tillgång till eller kontroll över dessa cookies som används av tredjepartsannonsörer.</p>
<h2>Tredjeparts sekretesspolicy</h2>
<p>{app_name} Sekretesspolicy gäller inte för andra annonsörer eller webbplatser. Därför råder vi dig att konsultera respektive sekretesspolicy för dessa tredjepartsannonsservrar för mer detaljerad information.</p>
<p>Du kan välja att inaktivera cookies genom dina individuella webbläsaralternativ. För att få mer detaljerad information om cookiehantering med specifika webbläsare finns den på webbläsarnas respektive webbplatser. Vad är cookies?</p>
<h2>CCPAs sekretesspolicy (sälj inte min personliga information)</h2>
<p>Under CCPA, bland andra rättigheter, har konsumenter i Kalifornien rätt att:</p>
<ul>
<li>Begär att ett företag som samlar in en konsuments personuppgifter avslöjar de kategorier och specifika delar av personuppgifter som ett företag har samlat in om konsumenter.</li>
<li>Begär att ett företag raderar all personlig information om konsumenten som ett företag har samlat in.</li>
<li>Begär att ett företag som säljer en konsuments personuppgifter inte säljer konsumentens personuppgifter.</li>
<li>Om du gör en begäran har vi en månad på oss att svara dig. Om du vill utöva någon av dessa rättigheter, vänligen kontakta oss.</li>
</ul>
<h2>GDPR-sekretesspolicy (dataskyddsrättigheter)</h2>
<p>Vi vill se till att du är fullt medveten om alla dina dataskyddsrättigheter. Varje användare har rätt till följande:</p>
<ul>
<li>Rätten till åtkomst – Du har rätt att begära kopior av dina personuppgifter. Vi kan komma att debitera dig en liten avgift för denna tjänst.</li>
<li>Rätten till rättelse – Du har rätt att begära att vi korrigerar all information som du anser är felaktig. Du har också rätt att begära att vi kompletterar den information som du anser är ofullständig.</li>
<li>Rätten till radering – Du har rätt att begära att vi raderar dina personuppgifter, under vissa förutsättningar.</li>
<li>Rätten att begränsa behandlingen – Du har rätt att begära att vi begränsar behandlingen av dina personuppgifter, under vissa förutsättningar.</li>
<li>Rätten att invända mot behandling – Du har rätt att invända mot vår behandling av dina personuppgifter, under vissa förutsättningar.</li>
<li>Rätten till dataportabilitet – Du har rätt att begära att vi överför data som vi har samlat in till en annan organisation, eller direkt till dig, under vissa förutsättningar.</li>
<li>Om du gör en begäran har vi en månad på oss att svara dig. Om du vill utöva någon av dessa rättigheter, vänligen kontakta oss.</li>
</ul>
<h2>Barninformation</h2>
<p>En annan del av vår prioritet är att lägga till skydd för barn när de använder internet. Vi uppmuntrar föräldrar och vårdnadshavare att observera, delta i och/eller övervaka och vägleda deras onlineaktivitet.</p>
<p>{app_name} samlar inte medvetet in någon personlig identifierbar information från barn under 13 år. Om du tror att ditt barn har lämnat denna typ av information på vår webbplats, rekommenderar vi starkt att du kontaktar oss omedelbart och vi kommer att göra vårt bästa ansträngningar för att omedelbart ta bort sådan information från våra register.</p>"
page_privacy_title,"Privacy Policy",Integritetspolicy
