phrase,source_en,translation
page_terms_meta_description,"These terms and conditions outline the rules and regulations for the use of {app_name}.","Dessa villkor beskriver reglerna och bestämmelserna för användningen av {app_name}."
page_terms_meta_keywords,"terms and conditions",villkor
page_terms_meta_title,"Terms and Conditions",Villkor
page_terms_text,"<p>These terms and conditions outline the rules and regulations for the use of {app_name}.</p>
<p>By accessing this website we assume you accept these terms and conditions. Do not continue to use {app_name} if you do not agree to take all of the terms and conditions stated on this page.</p>
<p>The following terminology applies to these Terms and Conditions, Privacy Statement and Disclaimer Notice and all Agreements: “Client”, “You” and “Your” refers to you, the person log on this website and compliant to the Company's terms and conditions. “The Company”, “Ourselves”, “We”, “Our” and “Us”, refers to our Company. “Party”, “Parties”, or “Us”, refers to both the Client and ourselves. All terms refer to the offer, acceptance and consideration of payment necessary to undertake the process of our assistance to the Client in the most appropriate manner for the express purpose of meeting the Client's needs in respect of provision of the Company's stated services, in accordance with and subject to, prevailing law of Netherlands. Any use of the above terminology or other words in the singular, plural, capitalization and/or he/she or they, are taken as interchangeable and therefore as referring to same.</p>
<h2>Cookies</h2>
<p>We employ the use of cookies. By accessing {app_name}, you agreed to use cookies in agreement with the <a href='{privacy_url}'>Privacy Policy</a>.</p>
<p>Most interactive websites use cookies to let us retrieve the user's details for each visit. Cookies are used by our website to enable the functionality of certain areas to make it easier for people visiting our website. Some of our affiliate/advertising partners may also use cookies.</p>
<h2>License</h2>
<p>You must not:</p>
<ul>
<li>Republish material from {app_name}</li>
<li>Sell, rent or sub-license material from {app_name}</li>
<li>Reproduce, duplicate or copy material from {app_name}</li>
<li>Redistribute content from {app_name}</li>
</ul>
<p>This Agreement shall begin on the date hereof.</p>
<h2>iFrames</h2>
<p>Without prior approval and written permission, you may not create frames around our Webpages that alter in any way the visual presentation or appearance of our Website.</p>
<h2>Content Liability</h2>
<p>We shall not be hold responsible for any content that appears on your Website. You agree to protect and defend us against all claims that is rising on your Website. No link(s) should appear on any Website that may be interpreted as libelous, obscene or criminal, or which infringes, otherwise violates, or advocates the infringement or other violation of, any third party rights.</p>
<h2>Reservation of Rights</h2>
<p>We reserve the right to request that you remove all links or any particular link to our Website. You approve to immediately remove all links to our Website upon request. We also reserve the right to amen these terms and conditions and it's linking policy at any time. By continuously linking to our Website, you agree to be bound to and follow these linking terms and conditions.</p>
<h2>Removal of links from our website</h2>
<p>If you find any link on our Website that is offensive for any reason, you are free to contact and inform us any moment. We will consider requests to remove links but we are not obligated to or so or to respond to you directly.</p>
<p>We do not ensure that the information on this website is correct, we do not warrant its completeness or accuracy; nor do we promise to ensure that the website remains available or that the material on the website is kept up to date.</p>
<h2>Disclaimer</h2>
<p>To the maximum extent permitted by applicable law, we exclude all representations, warranties and conditions relating to our website and the use of this website. Nothing in this disclaimer will:</p>
<ul>
<li>limit or exclude our or your liability for death or personal injury;</li>
<li>limit or exclude our or your liability for fraud or fraudulent misrepresentation;</li>
<li>limit any of our or your liabilities in any way that is not permitted under applicable law; or</li>
<li>exclude any of our or your liabilities that may not be excluded under applicable law.</li>
</ul>
<p>The limitations and prohibitions of liability set in this Section and elsewhere in this disclaimer: (a) are subject to the preceding paragraph; and (b) govern all liabilities arising under the disclaimer, including liabilities arising in contract, in tort and for breach of statutory duty.</p>
<p>As long as the website and the information and services on the website are provided free of charge, we will not be liable for any loss or damage of any nature.</p>","<p>De här användarvillkoren beskriver reglerna och bestämmelserna för användningen av {app_name}.</p>
<p>Genom att gå in på den här webbplatsen antar vi att du accepterar dessa villkor. Fortsätt inte att använda {app_name} om du inte godkänner alla villkor som anges på den här sidan.</p>
<p>Följande terminologi gäller för dessa villkor, sekretesspolicy och ansvarsfriskrivning och alla avtal: ""Kund"", ""Du"" och ""Din"" hänvisar till dig, personen som loggar in på denna webbplats och följer företagets villkor och betingelser. ""Företaget"", ""Oss själva"", ""Vi"", ""Vårt"" och ""Oss"", syftar på vårt företag. ""Parti"", ""Parter"" eller ""Oss"", avser både kunden och oss själva. Alla villkor avser det erbjudande, acceptans och övervägande av betalning som krävs för att genomföra processen av vår assistans till Kunden på det mest lämpliga sättet i det uttryckliga syftet att tillgodose Kundens behov med avseende på tillhandahållande av Bolagets angivna tjänster, i enlighet med och omfattas av gällande lag i Nederländerna. All användning av ovanstående terminologi eller andra ord i singular, plural, versaler och/eller han/hon eller de, tas som utbytbara och hänvisar därför till samma.</p>
<h2>Cookies</h2>
<p>Vi använder oss av cookies. Genom att komma åt {app_name} samtyckte du till att använda cookies i enlighet med <a href='{privacy_url}'>sekretesspolicyn</a>.</p>
<p>De flesta interaktiva webbplatser använder cookies för att låta oss hämta användarens uppgifter för varje besök. Cookies används av vår webbplats för att möjliggöra funktionaliteten i vissa områden för att göra det lättare för personer som besöker vår webbplats. Vissa av våra affiliate/annonspartners kan också använda cookies.</p>
<h2>Licens</h2>
<p>Du får inte:</p>
<ul>
<li>Återpublicera material från {app_name}</li>
<li>Sälj, hyr ut eller underlicensiera material från {app_name}</li>
<li>Reproducera, duplicera eller kopiera material från {app_name}</li>
<li>Omdistribuera innehåll från {app_name}</li>
</ul>
<p>Detta avtal börjar på datumet för detta.</p>
<h2>iFrames</h2>
<p>Utan föregående godkännande och skriftligt tillstånd får du inte skapa ramar runt våra webbsidor som på något sätt ändrar den visuella presentationen eller utseendet på vår webbplats.</p>
<h2>Innehållsansvar</h2>
<p>Vi ska inte hållas ansvariga för något innehåll som visas på din webbplats. Du samtycker till att skydda och försvara oss mot alla anspråk som uppstår på din webbplats. Inga länkar ska visas på någon webbplats som kan tolkas som ärekränkande, obscent eller brottslig, eller som gör intrång, på annat sätt kränker eller förespråkar intrång eller andra kränkningar av tredje parts rättigheter.</p>
<h2>Rättighetsförbehåll</h2>
<p>Vi förbehåller oss rätten att begära att du tar bort alla länkar eller någon speciell länk till vår webbplats. Du godkänner att omedelbart ta bort alla länkar till vår webbplats på begäran. Vi förbehåller oss också rätten att ändra dessa villkor och dess länkpolicy när som helst. Genom att kontinuerligt länka till vår webbplats samtycker du till att vara bunden till och följa dessa länkningsvillkor.</p>
<h2>Ta bort länkar från vår webbplats</h2>
<p>Om du hittar någon länk på vår webbplats som är stötande av någon anledning, är du fri att kontakta och informera oss när som helst. Vi kommer att överväga förfrågningar om att ta bort länkar men vi är inte skyldiga att eller så eller att svara dig direkt.</p>
<p>Vi säkerställer inte att informationen på denna webbplats är korrekt, vi garanterar inte att informationen är fullständig eller korrekt; Vi lovar inte heller att säkerställa att webbplatsen förblir tillgänglig eller att materialet på webbplatsen hålls uppdaterat.</p>
<h2>Ansvarsfriskrivning</h2>
<p>I den maximala utsträckning som tillåts enligt tillämplig lag, utesluter vi alla representationer, garantier och villkor relaterade till vår webbplats och användningen av denna webbplats. Ingenting i denna ansvarsfriskrivning kommer att:</p>
<ul>
<li>begränsa eller utesluta vårt eller ditt ansvar för dödsfall eller personskada;</li>
<li>begränsa eller utesluta vårt eller ditt ansvar för bedrägeri eller bedräglig felaktig framställning;</li>
<li>begränsa något av vårt eller ditt ansvar på något sätt som inte är tillåtet enligt tillämplig lag; eller</li>
<li>uteslut någon av våra eller dina skyldigheter som kanske inte är undantagna enligt tillämplig lag.</li>
</ul>
<p>De begränsningar och förbud mot ansvar som anges i detta avsnitt och på andra ställen i denna friskrivning: (a) omfattas av föregående stycke; och (b) reglera alla skulder som uppstår under ansvarsfriskrivningen, inklusive ansvar som uppstår i kontrakt, på grund av skadestånd och för brott mot lagstadgad skyldighet.</p>
<p>Så länge webbplatsen och informationen och tjänsterna på webbplatsen tillhandahålls kostnadsfritt, kommer vi inte att hållas ansvariga för förlust eller skada av något slag.</p>
"
page_terms_title,"Terms and Conditions",Villkor
