phrase,source_en,translation
"{Many} days ago","{Many} days ago","{Many} dagar sedan"
"{Many} hours ago","{Many} hours ago","{Many} timmar sedan"
"{Many} minutes ago","{Many} minutes ago","{Many} minuter sedan"
"{Many} months ago","{Many} months ago","{Many} månad sedan"
"{Many} years ago","{Many} years ago","{Many} år sedan"
"{One} day ago","{One} day ago","{One} dag sedan"
"{One} hour ago","{One} hour ago","{One} timme sedan"
"{One} minute ago","{One} minute ago","{One} minut sedan"
"{One} month ago","{One} month ago","{One} månad sedan"
"{One} year ago","{One} year ago","{One} år sedan"
Action,Action,Action
"Back to Inbox","Back to inbox","Tillbaka till inkrogen"
"Block Sender","Block Sender","Blockera sändaren"
"Blocked at","Blocked at","Blockerades den"
"Blocked users","Blocked users","Blockerade användare"
Chat,Chat,Chatt
"Chat with {Username}","Chat with {Username}","Chatta med {Username}"
"Completely remove","Completely remove","Fullständigt borttaget"
folder_important,Important,Viktigt
folder_inbox,Inbox,Inkorg
folder_sent,"Sent Items",Skickat
folder_starred,Starred,Stjärnmärkt
folder_trash,Trash,Skräp
I'm,I'm,Jag
"Just now","Just now","Just nu"
Loading...,Loading...,Laddar...
"Mark as Important","Mark as Important","Markare som viktigt"
"Mark as Read","Mark as Read","Markare som läst"
"Mark as Starred","Mark as Starred","Markera som stjärmärkt"
Message,Message,Meddelande
"Message has been sent","Message has been sent","Meddelandet har skickats"
"Messages have been completely removed","Messages have been completely removed","Meddelanden har tagits bort"
"Messages have been restored","Messages have been restored","Meddelanden har återställts"
"Move to Trash","Move to Trash","Flytta till skräp"
"My messages","My messages","Mina meddelanden"
New,New,Nytt
"New message","New message","Nytt meddelande"
Refresh,Refresh,Uppdatera
"Remove from Important folder","Remove from Important folder","Tabort från viktigt"
"Remove from Starred folder","Remove from Starred folder","Tabort från stjärnmärkt"
"Removed from sale","Removed from sale","Tabort från försäljning"
"Restore from Trash folder","Restore from Trash folder","Återställ från skräp"
Scammer!,Scammer!,Bedragare!
"Selected messages has been marked as Important","Selected messages has been marked as Important","Valda meddelanden har markerats som Viktigt"
"Selected messages have been marked as read","Selected messages have been marked as read","Valda meddelanden har markerats som Läst"
"Selected messages have been moved to Starred folder","Selected messages have been moved to Starred folder","Valda meddelanden har flyttats till stjärnmärkta mapp"
"Selected messages have been moved to trash folder","Selected messages have been moved to trash folder","Valda meddelanden har flyttats till papperskorgen"
"Selected messages have been removed from Important folder","Selected messages have been removed from Important folder","Valda meddelanden har tagits bort från viktiga mapp"
"Selected messages have been removed from Starred folder","Selected messages have been removed from Starred folder","Valda meddelanden har tagits bort från Stjärnmärkt mapp"
"Send message","Send message","Skicka meddelande"
"The website has been sold or removed from sales.","The website has been sold or removed from sales.","Webbplatsen har sålts eller tagits bort från försäljning."
"This user has blocked you","This user has blocked you","Denna användaren har blockerat dig"
"Type your message here...","Type your message here...","Skriv ditt meddelande här..."
"Unauthorized users can not send messages","Unauthorized users can not send messages","Obehöriga användare kan inte skicka meddelanden"
Unblock,Unblock,Avblockera
"User has been blocked","User has been blocked","Användaren har blockerats"
"User has been blocked and marked as a spammer","User has been blocked and marked as a spammer","Användaren har blockerats och markeras som en spammare"
"User has been unblocked","User has been unblocked","Användaren har avblockerats"
"You are forbidden to send messages","You are forbidden to send messages","Du är förbjuden för att skicka meddelanden"
"You can't send message to yourself","You can't send message to yourself","Du kan inte skicka meddelanden till dig själv"
"You have blocked this user. {Click here} to unblock","You have blocked this user. {Click here} to unblock","Du har blockerat denna användaren. {Click here} för att avblockera."
