phrase,source_en,translation
Category,Category,Katelogi
"Congratulations. Your website/domain is on sale","Congratulations. Your website/domain is on sale","Grattis! Din hemsida/domän är på försäljning"
Domain/Website,Domain/Website,Domän/Hemsida
Field,Field,Fält
"Fill out the form","Fill out the form","Fyll i formuläret"
"Information has been updated","Information has been updated","Informationen har uppdaterats!"
"Insert widget on your main page and click ""verify"" button. Feel free to modify HTML/CSS, but leave do follow link.","Insert widget on your main page and click ""verify"" button. Feel free to modify HTML/CSS, but leave do follow link.","Sätt widget på din huvudsida och klicka på ""bekräfta"" knappen. Känn dig fri att ändra HTML / CSS, men lämnar inte följa länken."
"My Websites/Domains on Sale","My Websites/Domains on Sale","Mina hemsidor/domäner på försäljning"
"Nothing is sold","Nothing is for sale","Inget är sålt"
"Put up for sale","Put up for sale","Sätt upp till försäljning"
"Remove from sale","Remove from sale","Ta bort från försäljning"
"Sell Website/Domain","Sell Website/Domain","Sälj hemsida/domän"
"The website is already on sale","The website is already on sale","Denna hemsida är redan på försäljning"
"The widget has been found","The widget has been found","Widgeten har hittats"
"The widget has not been found","The widget has not been found","Widgeten har inte hittats"
Value,Value,Värde
Verify,Verify,Bekräfta
"Visit website","Visit website","Besök webbplatsen"
"Website {Domain} has been removed from sale","Website {Domain} has been removed from sale","Hemsida {Domain} har tagits bort från försäljning"
