phrase,source_en,translation
"{Portal} allows people you to sell your website.","{Portal} allows people you to sell your website or domain name and allow people contact with you who may interest with your website/domain.","{Portal} tillåter människor att du kan sälja din webbplats eller domännamn och tillåta människor kontakt med dig som kan intressera med din webbplats / domän."
"After analysis and calculation of your website price done, click ""Sell my website/domain""","After analysis and calculation of your website price done, click ""Sell my website/domain"" link under Widgets section. Or click Dashboard link on the menu.","Efter analys och beräkning av din webbplats pris klar, klicka på ""Sälj min hemsida / domän"" under Widgets avsnitt. Eller klicka Dashboard länk på menyn."
"And wait for people contact with you.","And wait for people contact with you. If anybody interesting with your website/domain name, you will receive an e-mail from your potential buyer including his/her contact information.","Och vänta för människor kontakt med dig. Om någon intressant med din hemsida / domännamn, kommer du att få en e-post från din potentiella köpare inklusive hans / hennes kontaktuppgifter ."
"Check websites and domains on sale","Check websites and domains on sale","Kontrollera webbplatser och domäner till försäljning"
"Check your domain/website listed on {Buy Websites} page","Check your domain/website listed on {Buy Websites} page.","Kontrollera dina domäner/hemsidor på {Buy Websites} sidan."
"Check your website/domain on {Portal}","Check your website/domain on {Portal} (Open {Portal} home page and write your website/domain name then click ""Calculate"").","Kontrollera din webbplats / domän på {Portal} Öppna {Portal} hemsida och skriva din hemsida / domännamn och klicka sedan på ""Beräkna"")."
"Do you want to sell your website, sell your domain name?","Do you want to sell your website, sell your domain name?","Vill du sälja din webbplats, sälj ditt domännamn?"
"Register/Login to {Portal}","Register/Login to {Portal}.","Registrera / Logga in på  {Portal}."
"Sale instruction description","How to sell my website or domain on {Portal}","Hur man säljer min hemsida eller domän på {Portal}"
"Sale instruction page keywords","sell domain,sell website,sell website for free,sell domain for free,sell my domain,sell my website","sälja domänen, sälja webbplats, sälja hemsida för gratis, sälja domän gratis, sälja min domän, sälja min hemsida"
"Sell Websites - Sell Domains","Sell Websites - Sell Domains","Sälj hemsidor - Sälj domäner"
"Site Verification page opens","Site Verification page opens. Put the HTML code on your website main(root) page and enter the information that asked. And click ""Verify"" button. If verification done succesfully then fill out the form and your website/domain started to sell on {Portal}.","Webbplatsverifiering öppnas. Sätt HTML-koden på din webbplats main (rot) och ange den information som frågade. Och klicka på ""Bekräfta"" knappen. Om en granskning görs framgångsrikt sedan fylla i formuläret och din webbplats / domän började sälja på {Portal}."
"To tell people that you may sell your website or sell domain","To tell people that you may sell your website or sell domain name with a good offer follow this easy instructions.","Att berätta för folk att du kan sälja din webbplats eller sälja domännamn med ett bra erbjudande följ denna enkla instruktioner."
