phrase,source_en,translation
"Complain date","Complain date","Klagomål datum"
Legend,Legend,Sägen
"Prevent {Scammer} from sending letters","Prevent {Scammer} from sending letters","Förhindra {Scammer} från att skicka brev"
"Scam reports","Scam reports","Bluff rapporter"
Scammer,Scammer,Bedragare
Sender,Sender,Sändare
"Sent at","Sent at","Sändes den"
"The dialog between {Sender} and {Scammer}","The dialog between {Sender} and {Scammer}","Dialogen mellan {Sender} och {Scammer}"
"User has been restricted","User has been restricted","Användaren har begränsats"
"View dialog","View dialog","Visa dialog"
