phrase,source_en,translation
"Access denied","Access denied","Åtkomst nekad"
"Index page description","How much is a website price? {Portal} is a free website worth calculator and domain value estimator. You Can Sell and Buy Websites and Domain names with no cost.","Hur mycket är en webbplats pris? {Portal} är en gratis hemsida värd räknare och domän värde estimator. Du kan sälja och köpa webbplatser och domännamn utan kostnad."
"Index page keywords","buy website,domain estimator,domain valuation,domain value,domain value calculator,domain value estimator,domain worth,how much is my website worth,price website,sell website,site price,site value,site value calculator,site worth,value my website,value of a website,web worth,website calculator,website price,website price calculator,website valuation,website value,website value calculator,website value checker,website value estimator,website worth,website worth calculator,website worth checker,what is my domain worth,what is my website worth,worth of web,worth of website","köpa hemsida, domän estimator, domän värdering, domän värde, domän värde kalkylator, domän värde estimator, domän värd, hur mycket är min webbplats värd, pris webbplats, sälja webbplats, site pris, plats värde, plats värde kalkylator, plats värd, värde min hemsida, värdet av en webbplats, webb värd, webbplats miniräknare , hemsida pris, hemsida priskalkylatorn , webbplats värdering, hemsida värde, webbplats värde kalkylator, webbplats värde checker, hemsida värde estimator, webbplats värd, webbplats värd kalkylator, webbplats värd checker, vad är min domän värd, vad är min webbplats värd, värd för webben, till ett värde av webbplatsen"
"Index page title","Get website cost online","Få webbplats kostnad online"
"Internal server error","Internal server error","Internt serverfel"
"Learn more","Learn more","Få reda på mer"
OK,OK,OK
"Page not found","Page not found","Sidan hittades inte"
"This website uses cookies to ensure you get the best experience on our website.","This website uses cookies to ensure you get the best experience on our website.","Denna webbplats använder cookies för att säkerställa att du får den bästa upplevelsen på vår hemsida."
