phrase,source_en,translation
"{Click here} if you already have an account and just need to login.","{Click here} if you already have an account and just need to login.","{Click here} om du redan har ett konto och behöver bara logga in."
"A confirmation email has been sent on {ConfirmationEmail}","A confirmation email has been sent on {ConfirmationEmail}. Please go to your inbox now, open the email and click on activation link.","Ett bekräftelse har skickats till {Confirmation Email}. Gå till inkorgen nu, öppna e-posten och klicka på aktiveringslänken ."
Active,Active,Aktiva
Administrator,Administrator,Administratör
"Allow send messages","Allow send messages","Tillåt skicka meddelanden"
Blocked,Blocked,Blockerade
"Can send message","Can send message","Kan skicka meddelande"
"Change Password Form","Change Password Form","Ändra lösenord formulär"
"Confirmed Email","Confirmed Email","Bekräftad E-post"
Congratulations!,Congratulations!,Grattis!
"Create an account","Create an account","Skapa en användare"
"Create User","Create User","Skapa användare"
"Creating a {InstalledUrl} account is fast, easy, and free","Creating a {InstalledUrl} account is fast, easy, and free","Att skapa ett {InstalledUrl} konto är snabbt, enkelt och gratis!"
"Delete user","Delete user","Radera användare"
Deleted,Deleted,Raderad
"Don't have an account yet? {Sign up now}!","Don't have an account yet? {Sign up now}!","Har inget konto ännu? {Sign up now}!"
"Edit user data","Edit user data","Ändra användare data"
Email,Email,E-post
"Email confirmation","Email confirmation","E-post bekräftelse"
Field,Field,Fält
"Forgot password instruction","You forgot your password? No big deal. Give us your email address and we will send you you a message with some simple instructions to reset it. You will have to click the link in the email we send in order to reset your password.","Har du glömt ditt lösenord? Ingen stor sak. Ge oss din e-postadress så skickar vi dig ett meddelande med några enkla instruktioner för att återställa den. Du måste klicka på länken i e-postmeddelandet som vi skickar för att återställa ditt lösenord."
"Forgot your password?","Forgot your password?","Glömt ditt lösenord?"
"Go check your email and confirm RIGHT NOW","Go check your email and confirm RIGHT NOW","Gå kolla din e-post och bekräfta JUST NU"
"I have read and accept the {Terms and Conditions}","I have read and accept the {Terms and Conditions}","Jag har läst och accepterar {Terms and Conditions}"
"Incorrect old password","Incorrect old password","Felaktigt gammalt lösenord"
"Invalid email or password","Invalid email or password","Falaktig e-post eller lösenord"
"Last login at","Last login at","Senast inloggad den"
"Last login IP Address","Last login IP Address","Senast inloggad IP adress"
"Login Form","Login Form","Logga in formulär"
"Manage Users","Manage Users","Hantera användare"
"Modified at","Modified at","Ändrades den"
"Need an account?","Need an account?","Behöver ett konto?"
"Old password","Old password","Gammalt lösenord"
"or wait, I remember!","or wait, I remember!","Eller vänta, jag kommer ihåg!"
Password,Password,Lösenord
"Password has been changed","Password has been changed","Lösenordet har ändrats!"
"Password recovery","Password recovery","Återställ lösenord"
"Passwords do not match","Passwords do not match","Lösenorden matchar inte"
"Please Sign In","Please Sign In","Var god att logga in"
"Profile Settings","Profile Settings","Profil inställningar"
Re-Password,Re-Password,"Upprepa lösenord"
"Register Form","Register Form","Registrera formulär"
"Register new account","Register new account","Registrera ett nytt konto"
"Registered at","Registered at","Registrerad den"
"Registered IP","Registered IP","Registrerad IP"
"Registration at {InstalledUrl}","Registration at {InstalledUrl}","Registrera på {InstalledUrl}"
"Remember me","Remember me","Kom ihåg mig"
"Reset password","Reset password","Återställ lösenord"
Root,Root,Root
"Set new password","Set new password","Sätt nytt lösenord"
"Sign in","Sign in","Logga in formulär"
"Sign up","Sign up","Registrera dig"
"Sign up now","Sign up now","Registrera dig nu"
"The password has been changed. Use new password to login","The password has been changed. Use new password to login","Lösenordet har ändrats. Använd det nya lösenordet för att logga in"
Unknown,Unknown,Okänd
User,User,Användare
"User has {CountOnSale} website(-s) on sale","User has {CountOnSale} website(-s) on sale","Användaren har {CountOnSale} hemsid(or) på försäljning"
"User has been blocked or deleted","User has been blocked or deleted","Användaren har blockerats eller raderad"
"User has been created","User has been created","Användaren har skapats"
"User has been deleted","User has been deleted","Användaren har raderats"
"User Inbox","User inbox","Användare inkorg"
"User info","User info","Användare information"
"User role","User role","Användare roll"
"User status","User status","Användare status"
Username,Username,Användarnamn
Value,Value,Värde
"Verification code","Verification code",Verifieringskod
"We didn't find such email address","We didn't find such email address","Vi hittade inte en sådan e-postadress"
"We have sent you confirmation email. Please confirm it","We have sent you confirmation email. Please confirm it","Vi har skickat e-postbekräftelse. Vänligen bekräfta det"
"You have been disconnected from the session","You have been disconnected from the session","Du har blivit frånkopplad från sessionen"
"You have successfully confirmed your email address.","You have successfully confirmed your email address.","Du har bekräftat din e-postadress."
