phrase,source_en,translation
"{NumOfWebsites} total website price calculated","{NumOfWebsites} total website price calculated.","{NumOfWebsites} Totalt webbplats pris beräknas."
"{Percent} of sites are faster","{Percent} of sites are faster","{Percent} av sidor är snabbare"
"{Percent} of sites are slower","{Percent} of sites are slower","{Percent} av sidor är långsammare"
"{Seconds} Seconds","{Seconds} Seconds","{Seconds} Sekunder"
"{Website} worth is {Cost}","{Website} worth is {Cost}","{Website} worth is {Cost}"
"Add to catalog. Free","Add to catalog. Free","Lägg till katalogen. Ledig"
"Alexa Rank","Alexa Rank","Alexa Rank"
"Alexa Stats","Alexa Stats","Alexa Stats"
"Antivirus Stats","Antivirus Stats","Antivirus Stats"
AVG,AVG,AVG
"Basic information","Basic information","Grundläggande information"
"Bing Index","Bing Index","Bing Index"
Calculate,Calculate,Beräkna
"Catalog Stats","Catalog Stats","Katalog Stats"
City,City,Stad
"Click count","Click count","Klick count"
Coins,Coins,Mynt
"Comment count","Comment count","Kommentarer count"
"Comment plugin count","Comment plugin count","Kommentarer räknas i plugin"
"Contact seller","Contact seller","Kontakta säljaren"
"Could not reach host: {Host}","Could not reach host: {Host}","Det gick inte att nå värd: {Host}"
Country,Country,Land
"Daily Ads Revenue","Daily Ads Revenue","Daglig annonsintäkter"
"Daily Global Rank Trend","Daily Global Rank Trend","Dagligen Global Rank Trend"
"Daily Pageviews","Daily Pageviews","Dagliga Sidvisningar"
"Daily Reach (Percent)","Daily Reach (Percent)","Daglig räckvidd (procent)"
"Daily Unique Visitors","Daily Unique Visitors","Dagliga unika besökare"
Description,Description,Beskrivning
Dmoz,Dmoz,Dmoz
Domain,Domain,Domän
"Domain Authority","Domain Authority","Domain Authority"
"Domain Authority Description","Domain authority is a metric, developed by SEOMoz, to predict the ability of a website / domain to rank in search engines. Domain authority uses a 0 to 100 logarithmic scale. A high Domain authority score means your complete website / all the pages on your domain have the potential to rank well in search engine results.","Domain authority is a metric, developed by SEOMoz, to predict the ability of a website / domain to rank in search engines. Domain authority uses a 0 to 100 logarithmic scale. A high Domain authority score means your complete website / all the pages on your domain have the potential to rank well in search engine results."
"Domain name","Domain name","Domänn amn"
"Estimate other website","Estimate other website","Uppskattning annan webbplats"
"Estimate Price","Estimate Price","Uppskattning Pris"
"Estimated Daily Stats","Estimated Daily Stats","Beräknade Daglig statistik"
"Estimated Data Analytics","Estimated Data Analytics","Uppskattade data Analytics"
"Estimated Monthly Stats","Estimated Monthly Stats","Beräknade månatliga statistik"
"Estimated website cost of any domain","Estimated website cost of any domain.","Uppskatta webbplats kostnaden för varje domän."
"Estimated worth","Estimated worth","Beräknade värde"
"Estimated Yearly Stats","Estimated Yearly Stats","Uppskattade årliga Stats"
"Explore more","Explore more","Utforksa mer"
"Facebook Stats","Facebook Stats","Facebook Stats"
Failed,Failed,Misslyckades
"Get code","Get code","Få kod"
"Get website review","Get website review","Få webbplats omdöme"
"Get widget","Get widget","Få widget"
"Get widget / Sale website","Get widget / Sale website","Få widget / Sälj webbplats"
"Global Rank","Global Rank","Global Rank"
Google,Google,Google
"Google Backlinks","Google Backlinks","Google Backlinks"
"Google Index","Google Index","Google Index"
Gplus+,Gplus+,Gplus+
Grid,Grid,Grid
"Has Estimated Worth of","Has Estimated Worth of","Har Uppskattat värde av"
"How much {Website} is worth?","How much {Website} is worth?","Hur mycket {Website} är värd?"
"IP Address","IP Address","IP Adress"
"Is On Sale","Is On Sale","Är till salu"
Keywords,Keywords,Nyckelord
Latitude,Latitude,Latitude
"Leave empty input","Leave empty input","Lämna tomt ingång"
"Like count","Like count","Gilla count"
Likes,Likes,Gillningar
LinkedIn,LinkedIn,LinkedIn
"Links in","Links in","Gillas i"
List,List,Lista
"List of upcoming websites. Page {PageNr}","List of upcoming websites. Page {PageNr}","Lista över kommande webbplatser. Sida {PageNr}"
"Load speed","Load speed",Tomgångsvarvtal
"Local Rank","Local Rank","Lokal Rank"
"Location Stats","Location Stats","Läge Stats"
Longitude,Longitude,Longitude
"Manage Websites","Manage Websites","Hantera Webbplatser"
McAfee,McAfee,McAfee
"Monthly Ads Revenue","Monthly Ads Revenue","Månads annonsintäkter"
"Monthly page view","Monthly page view","Månads sidvisningar"
"Monthly Pageviews","Monthly Pageviews","Månads visningar"
"Monthly revenue","Monthly revenue","Månatlig intäkt"
"Monthly Unique Visitors","Monthly Unique Visitors","Måands unika besökare"
"More actions","More actions","Fler actions"
"MOZ Links","MOZ Links","MOZ Links"
"MOZ Links Description","The number of links in MOZ to the URL","The number of links in MOZ to the URL"
Norton,Norton,Norton
Notes,Notes,Anteckningar
"Number of websites","Number of websites","Nummer av hemsidor"
"Page Authority","Page Authority","Page Authority"
"Page Authority Description","Page authority is a metric, developed by SEOMoz, to predict the ability for a specific page to rank in search engines. Page authority uses a 0 to 100 logarithmic scale. A high Page authority score means your page has the potential to rank well in search engine results.","Page authority is a metric, developed by SEOMoz, to predict the ability for a specific page to rank in search engines. Page authority uses a 0 to 100 logarithmic scale. A high Page authority score means your page has the potential to rank well in search engine results."
"Page Rank",PageRank,PageRank
Pins,Pins,Pins
"Re-Calculate estimate price","Re-Calculate estimate price","Åter Beräkna uppskattning pris"
"Reaction count","Reaction count",Reaktionsräkning
Region,Region,Område
"Related Keywords","Related Keywords","Relaterade nyckelord"
"Remove website","Remove website","Tabort hemsida"
"Remove website from sale","Remove website from sale","Ta bort hemsida från försäljning"
"Review average","Review average","Översyn genomsnitt"
"Review count","Review count","Översyn count"
"Sale Website","Sale Website","Sälj hemsida"
"Sales Information","Sales Information","Sälj information"
"Search Engine Stats","Search Engine Stats","Sökmotor Stats"
"Search Traffic","Search Traffic","Sök Traffic"
"Seller has blocked you","Seller has blocked you","Säljaren har blockerad dig"
"Selling price","Selling price","Sälj pris"
"Share count","Share count","Dela count"
"Show Your Visitors Your Website Value","Show Your Visitors Your Website Value","Visa dina besökare din webbplats Värde"
"Similar Websites","Similar Websites","Liknande webbplatser"
"Site Price calculated at: {Time}","Site Price calculated at: {Time}","Hemsid Pris beräknas den: {Time}"
"Social Stats","Social Stats","Social Stats"
Stumbleupon,Stumbleupon,Stumbleupon
Success,Success,Framgång
"The website's estimated price has been recalculated. {Click here} to see a result","The website's estimated price has been recalculated. {Click here} to see a result","Webbplatsens beräknade priset har omräknats. {Click here} för att se ett resultat"
"This website is on sale","This website is on sale","Denna hemsida är till salu"
Title,Title,Titel
"TOP by Cost","TOP by Cost","TOP av Pris"
"TOP by Countries","TOP by Countries","TOP av Land"
"TOP by PageRank","TOP by PageRank","TOP av PageRank"
"Top websites by countries. Diagram. Page {PageNr}","Top websites by countries. Diagram. Page {PageNr}","Top webbplatser genom länder. Diagram. Sida {PageNr}"
"Top websites by PageRank. Diagram","Top websites by PageRank. Diagram","Top webbplatser genom Pagerank . Diagram"
"Top websites by price. Page {PageNr}","Top websites by cost. Page {PageNr}","Top webbplatser genom kostnad. Sida {PageNr}"
"Top websites having {PageRank} PageRank. Page {PageNr}","Top websites having {PageRank} PageRank. Page {PageNr}","Top webbplatser som har {PageRank} PageRank. Sida {PageNr}"
"Top websites in {Country}. Page {PageNr}","Top websites in {Country}. Page {PageNr}","Top webbplatser i {Country}. Sida {PageNr}"
"Total count","Total count","Total count"
Twitter,Twitter,Twitter
"Unique monthly visitors","Unique monthly visitors","Unika besökare varje månad"
"View website info","View website info","Visa webbplats information"
"Webmaster info","Webmaster info","Webmaster information"
Website,Website,Webbplats
"Website {Website} has been removed from sale","Website {Website} has been removed from sale","Hemsida {Website} har raderats från försäljning"
"Website cost","Website cost","Hemsida pris"
"website description","{Website} worth is {Cost}","{Website} worth is {Cost}"
"Website has been deleted","Website has been deleted","Hemsidan har raderats"
"website keywords","{Website} price, {Website} worth, {Website} estimate price, {Website} estimate cost, {Website} estimate worth","{Website} pris, {Website} värde, {Website} uppskattat pris, {Website} uppskattat kostnad, {Website} uppskattat värde"
"Website owner? {Sale Website}!","Website owner? {Sale Website}!","Webbplats ägare? {Sale Website}!"
WHOIS,WHOIS,WHOIS
Yahoo,Yahoo,Yahoo
"Yahoo Index","Yahoo Index","Yahoo Index"
"Yearly Ads Revenue","Yearly Ads Revenue","Yearly Ads Revenue"
"Yearly Pageviews","Yearly Pageviews","Yearly Pageviews"
"Yearly Unique Visitors","Yearly Unique Visitors","Yearly Unique Visitors"
"You have blocked this user. {Click here} to unblock","You have blocked this user. {Click here} to unblock","Du har blockerat denna användaren. {Click here} för att avblockera"
"You should login to contact seller","You should login to contact seller","Du måste logga in för att ta i kontakt med säljaren"
