phrase,source_en,translation
"Admin panel","Admin panel","Panel de Admnistrador"
"Bulk Import","Bulk Import","Importación masiva"
Dashboard,Dashboard,Portada
"Flush cache","Flush cache","Vaciar caché"
Localization,Localization,Localización
No,No,No
"Run garbage collector","Run garbage collector","Ejecutar recolector de basura"
"Run widget checker","Run widget checker","Ejecutar comprobador de widget"
"Sitemap generation","Sitemap generation","Generador Sitemap"
"There are {NumOfScam} complaints of fraud. {Click here} to take an action.","There are {NumOfScam} complaints of fraud. {Click here} to take an action.","Hay {NumOfScam}  denuncias de fraude. {Click here} para tomar una acción."
Tools,Tools,Herramientas
"We have {NumOfMissingTrans} missing translations. {Click here} to find out more.","We have {NumOfMissingTrans} missing translations. {Click here} to find out more.","Nosotros tenemos {NumOfMissingTrans} traducciones faltantes. {Click here} para obtener más información."
"Welcome back, {Username}","Welcome back, {Username}","Bienvenido de nuevo, {Username}"
Yes,Yes,Sí
"You are using administration rights over {Username}","You are using administration rights over {Username}","Está utilizando derechos administrativos sobre {username}"
