phrase,source_en,translation
"Ascending order","Ascending order","Orden Ascendente"
Category,Category,Categoría
"Category has been created","Category has been created","La Categoría ha sido creada"
"Category Translation","Category Translation","Traducción de Categoría"
"Create Category","Create Category","Crear Categoría"
"Create translation","Create translation","Crear traducción"
"Descending order","Descending order","Órden descendente"
"Edit category","Edit category","Editar Categoría"
"Is sold since","On sale since","Se vende desde"
"Manage Categories","Manage Categories","Administrar Categorías"
"Selling date","Selling date","Fecha de Venta"
Slug,Slug,Slug
"Sort by","Sort by","Ordenar por"
"Translation for this language already exists. {Update translation}","Translation for this language already exists. {Update translation}","La traducción para este idioma ya existe. {Update translation}"
"Translation has been created","Translation has been created","La traducción ha sido creada"
"Translation has been deleted","Translation has been deleted","La traducción ha sido borrada"
"Translation has been updated","Translation has been updated","La traducción ha sido actualizada"
"Update translation","Update translation","Actualizar  traducción"
"Websites in the category {Category}. Page {PageNr}","Websites in the category {Category}. Page {PageNr}","Sitios Web en la categoría {Category}. Página {PageNr}"
"Websites on sale. Page {PageNr}","Websites on sale. Page {PageNr}","Sitios web en venta. Página {PageNr}"
