phrase,source_en,translation
Body,Body,Cuerpo
"Contact page description","We are ready to assist you with any questions or problems you may have. Please fill out following form to contact us by e-mail.","Estamos listos para ayudarle con cualquier duda o problema que pueda tener. Por favor complete siguiente formulario para ponerse en contacto con nosotros por e-mail."
"Contact page keywords","{Portal} contact form, contact {Portal}","{Portal} formulario de contacto, el contacto {Portal}"
"Contact us","Contact us",Contáctenos
Email,Email,Email
Name,Name,Nombre
Subject,Subject,Asunto
