phrase,source_en,translation
"Calculation Error Code 102","Couldn't grab html from website","No se pudo tomar HTML de la página web"
"Calculation Error Code 103","Website contains badwords","Sitio web contiene malas palabras"
"Calculation Error Code 201","Error while inserting data","Error al insertar datos"
"Calculation Error Code 202","Error while updating data","Error al actualizar los datos"
"Sitemap error code 101","Make sure ""sitemap"" directory and ""sitemap.xml"" file has writable permissions","Asegúrese de que el directorio ""mapa del sitio"" y el archivo ""sitemap.xml"" tiene permisos de escritura"
