phrase,source_en,translation
"Any category","Any category","Cualquier categoría"
"Any language","Any language","Cualquier idioma"
"Can't close temporary file","Can't close temporary file","No se puede cerrar el archivo temporal"
"Can't create temporary file","Can't create temporary file","No se puede crear el archivo temporal"
"Category name","Category name","Nombre de Categoría"
"Choose any category","Choose any category","Seleccione cualquier Categoría"
"Choose any language","Choose any language","Seleccione cualquier Idioma"
"Couldn't open zip archive","Couldn't open zip archive","No se pudo abrir archivo ZIP"
"Create Language","Create Language","Crear Idioma"
"Create new Language","Create new Language","Crear nuevo Idioma"
"Create new phrase","Create new phrase","Crear nueva frase"
"Create phrase","Create phrase","Crear frase"
"Created at","Created at","Creado el"
"Default language can't be deleted","Default language can't be deleted","Idioma por Default no se puede eliminar"
"Default language can't be disabled","Default language can't be disabled","Idioma por Default no puede desactivarse"
"Default language must be specified","Default language must be specified","Idioma por Default se debe especificar"
"Do not copy translations","Do not copy translations","No copie traducciones"
"Edit {Language} language","Edit {Language} language","Editar Idioma {Language}"
"Edit phrase","Edit phrase","Editar frase"
"Existing translations","Existing translations","Traducciones existentes"
Export,Export,Exportar
"Export Translation","Export Translation","Exportar Traducción"
"Find phrase/translation","Find a phrase/translation","Encontrar frase/traducción"
"Forced import","Forced import","Forzar importar"
"Ignoring file {File} because it's not a csv file","Ignoring file {File} because it's not a csv file","Archivo {file} Ignorado, porque no es un archivo CSV"
Import,Import,Importar
"Import Translation","Import Translation","Importar Traucción"
"Incorrect Language ID format","Incorrect Language ID format","Formato ID de Idioma Incorrecto"
"Invalid category name","Invalid category name","Nombre de la categoría inválido"
"Invalid format of {Row} row in {Category} category","Invalid format of {Row} row in {Category} category","Formato inválido de {Row} fila en categoría {Category}"
"Is Default","Is Default","Es por Default"
"Is Enabled","Is Enabled","Está habilitado"
Language,Language,Idioma
"Language ID","Language ID","Idioma ID"
"Make copy","Make copy","Hacer copia"
"Manage existing languages","Manage Languages","Gestionar Idiomas"
"Manage Translations","Manage Translations","Gestionar Traducciones"
"Manage translations in {Category} category","Manage translations in {Category} category","Gestionar traducciones en categoría {Category}"
"Missing translation for {Language}","Missing translation for {Language}","Trandución faltante para {Language}"
"Missing translations","Missing translations","Traducciones faltantes"
"New category","New category","Nueva categoría"
"New language {Language} has been created","New language {Language} has been created","Nuevo idioma {Language} se ha creado"
"New phrase has been created","New phrase has been created","Nueva frase ha sido creado"
Phrase,Phrase,Frase
"Phrase has been translated","Phrase has been translated","Frase ha sido traducido"
"Please choose language you want to export","Please choose language you want to export","Por favor, seleccione el idioma que desea exportar"
Search,Search,Búsqueda
"The category {Category} has already been taken","The category {Category} has already been taken","La categoría {Category} ya se ha tomado"
"The language {Language} doesn't exists in the system","The language {Language} doesn't exists in the system","El idioma {Language} no existe en el sistema"
"The language doesn't exists","The language doesn't exists","El idioma no existe"
"The language must contain at least one category","The language must contain at least one category","El idioma debe contener al menos una categoría"
"The phrase with ID {ID} doesn't exists","The phrase with ID {ID} doesn't exists","La frase con ID {ID} no existe"
"This means that if there is a phrase translation it will be replaced","This means that if there is a phrase translation it will be replaced","Esto significa que si hay una traducción de la frase será reemplazado"
"This phrase already exists in {Category} category","This phrase already exists in {Category} category","Esta frase ya existe en categoría {Category}"
"Translate phrase","Translate phrase","Traducir frase"
Translation,Translation,Traducción
"Translations for {Language} language have been imported","Translations for {Language} language have been imported","Traducciones del Idioma {Language} se han importado"
"Unable to create stream from {File} file","Unable to create stream from {File} file","No se puede crear la corriente de  archivo {File}"
"You are able upload only ZIP file","You are able upload only ZIP file","Usted está habilitando  sólo la subida de archivos ZIP"
"You need to install ZipArchive package","You need to install ZipArchive package","Necesita instalar el paquete del archivo ZIP"
"Zip file (translations)","Zip file (translations)","Archivo ZIP (traducciones)"
