phrase,source_en,translation
"{Brandname} administration","{Brandname} administration","{Brandname} administratición"
"Dear {Name}","Dear {Name}","Estimado {Name}"
"Forgot password?","Forgot password?","¿Has olvidado tu contraseña?"
"Please, do not reply to this message","Please, do not reply to this message","Por favor, no responda a este mensaje"
Regards,Regards,Saludos
"Thank you for registration","Thank you for registration","Gracias por registrarse"
"Thank you for registration at {BranUrl}. Click here: {VerifyUrl}","Thank your for your registration at {BranUrl}. To activate your account please follow this link: {VerifyUrl}","Gracias por su inscripción en {BranUrl}. Para activar su cuenta, por favor, siga este enlace: {VerifyUrl}"
"To reset password open following link: {RecoveryLink} and enter new password.","To reset password open following link: {RecoveryLink} and enter new password.","Para restablecer la contraseña abra el siguiente enlace: {RecoveryLink} e introduzca la nueva contraseña."
"We've received a request from you to reset a password. If you didn't do it, then just ignore this message.","We've received a request from you to reset a password. If you didn't do it, then just ignore this message.","Hemos recibido una solicitud de usted para restablecer una contraseña. Si usted no lo solicitó, entonces ignore este mensaje."
"You got new message!","You got new message!","¡Tienes un nuevo mensaje!"
"You've received new message from {Name}. Open following link to see a message: {messageLink}","You've received new message from {Name}. Open following link to see a message: {messageLink}","Has recibido un nuevo mensaje de {Name}. Abra el enlace siguiente para ver un mensaje: {messageLink}"
