phrase,source_en,translation
"{BrandName} | Atom feed","{BrandName} | Atom feed","{BrandName} | Atom feed"
"{BrandName} | RSS feed","{BrandName} | RSS feed","{BrandName} | RSS feed"
"{NumberOfMsg} Messages","{NumberOfMsg} Messages","{NumberOfMsg} Mensajes"
"Added at","Added at","Alta en"
All,All,Todos
"Are you sure you want to delete this item?","Are you sure you want to delete this item?","¿Seguro que quieres borrar este elemento?"
Atom,Atom,Atom
"Buy Websites","Buy Websites","Comprar Sitio Web"
"Click here","Click here","De clic aquí"
Create,Create,Crear
Delete,Delete,Eliminar
"Developed by {Developer}","Developed by {Developer}","Desarrollado por {Developer}"
"Displaying {start}-{end} of {count} results.","Displaying {start}-{end} of {count} results.","Mostrando {start} - {end} de {count} resultados."
Edit,Edit,Editar
"Hello, {Username}","Hello, {Username}","Hola, {Username}"
Home,Home,Inicio
ID,ID,ID
Inbox,Inbox,"Bandeja de entrada"
Language,Language,Idioma
Logout,Logout,Salir
"Not on sale","Not on sale","No a la venta"
"Nothing found","Nothing found","No se ha encontrado nada"
"On sale","On sale","En venta"
Optional,Optional,Opcional
OR,OR,O
page_privacy_link,"Privacy Policy","Política de privacidad"
page_terms_link,"Terms and Conditions","Términos y condiciones"
"Please choose category","Please choose category","Por favor, seleccione la categoría"
"Remove all records","Remove all records","Retire todos los registros"
RSS,RSS,RSS
"See all messages","See all messages","Ver todos los mensajes"
"Sell Websites","Sell Websites","Venta de Proyectos"
Settings,Settings,Ajustes
"Sign in","Sign in",Registrarse
Submit,Submit,Enviar
"Toggle navigation","Toggle navigation","Navegación alternativa"
Top,Top,Arriba
Upcoming,Upcoming,Próxima
Update,Update,Actualización
"Verification code","Verification code","Código de verificación"
View,View,Ver
