phrase,source_en,translation
"Action ""{action}"" does not exist in ""{controller}"".","Action ""{action}"" does not exist in ""{controller}"".","Acción ""{ation}"" no existe en ""{controller}""."
"All records have been removed","All records have been removed","Todos los registros se han eliminado"
"An error has occurred while trying to confirm your email. Please try again later.","An error has occurred while trying to confirm your email. Please try again later.","Se ha producido un error al tratar de confirmar su correo electrónico. Por favor, inténtelo de nuevo más tarde."
"An error occurred while sending email","An error occurred while sending email","Ha ocurrido un error al enviar el email"
"An internal error occurred. Please try again later","An internal error occurred. Please try again later","Se ha producido un error interno. Por favor, inténtelo de nuevo más tarde"
Attention!,Attention!,¡Atención!
"Email has been sent","Email has been sent","El correo electrónico ha sido enviado"
"Please, use mail client which support HTML markup","Please, use mail client which support HTML markup","Por favor, utilice el cliente de correo que soportan el formato HTML"
"Record has been deleted","Record has been deleted","El registro ha sido borrado"
"Record has been successfully modified","Record has been successfully modified","El registro ha sido modificado con éxito"
"Server temporarily unavailable. Please, try to register a little bit later","Server temporarily unavailable. Please, try to register a little bit later","Servidor no disponible temporalmente. Por favor, intente registrar un poco más tarde"
"Server temporarily unavailable. Try again later.","Server temporarily unavailable. Try again later.","Servidor no disponible temporalmente. Inténtalo de nuevo más tarde."
"The page you are looking for doesn't exists","The page you are looking for doesn't exist","La página que está buscando no existe"
"The token is expired or does not valid. Please, try to register new account","The token is expired or does not valid. Please, try to register new account","El token ha caducado o no es válido. Por favor, intente dar de alta una nueva cuenta"
"Unable to find user in database","Unable to find user in database","No se ha podido encontrar el usuario en la base de datos"
"We've sent you email with instructions. Please check your inbox","We've sent you email with instructions. Please check your inbox","Hemos le hemos enviado un correo electrónico con instrucciones. Por favor revisa tu correo"
