phrase,source_en,translation
page_privacy_meta_description,"At {app_name}, one of our main priorities is the privacy of our visitors. This Privacy Policy document contains types of information that is collected and recorded by {app_name} and how we use it.","En {app_name}, una de nuestras principales prioridades es la privacidad de nuestros visitantes. Este documento de Política de privacidad contiene tipos de información que {app_name} recopila y registra y cómo la usamos."
page_privacy_meta_keywords,"privacy policy","política de privacidad"
page_privacy_meta_title,"Privacy Policy","Política de privacidad"
page_privacy_text,"<p>At {app_name}, one of our main priorities is the privacy of our visitors. This Privacy Policy document contains types of information that is collected and recorded by {app_name} and how we use it.</p>
<p>This privacy policy applies only to our online activities and is valid for visitors to our website with regards to the information that they shared and/or collect in {app_name}. This policy is not applicable to any information collected offline or via channels other than this website.</p>
<h2>Consent</h2>
<p>By using our website, you hereby consent to our Privacy Policy and agree to its terms.</p>
<h2>Information we collect</h2>
<p>The personal information that you are asked to provide is required to provide you with the service, and it is securely stored or, in the case of the contact form is not stored at all.</p>
<h2>How we use your information</h2>
<p>We use the information we collect in various ways, including to:</p>
<ul>
<li>Provide, operate, and maintain our website</li>
<li>Improve, personalize, and expand our website</li>
<li>Understand and analyze how you use our website</li>
<li>Develop new products, services, features, and functionality</li>
<li>Communicate with you, either directly or through one of our partners, including for customer service, to provide you with updates and other information relating to the website, and for marketing and promotional purposes</li>
<li>Find and prevent fraud</li>
</ul>
<h2>Log Files</h2>
<p>{app_name} follows a standard procedure of using log files. These files log visitors when they visit websites. All hosting companies do this and a part of hosting services' analytics. The information collected by log files include internet protocol (IP) addresses, browser type, Internet Service Provider (ISP), date and time stamp, referring/exit pages, and possibly the number of clicks. These are not linked to any information that is personally identifiable. The purpose of the information is for analyzing trends, administering the site, tracking users' movement on the website, and gathering demographic information.</p>
<h2>Cookies and Web Beacons</h2>
<p>Like any other website, {app_name} uses ‘cookies'. These cookies are used to store information including visitors' preferences, and the pages on the website that the visitor accessed or visited. The information is used to optimize the users' experience by customizing our web page content based on visitors' browser type and/or other information.</p>
<h2>DoubleClick DART Cookie</h2>
<p>Google is one of a third-party vendor on our site. It also uses cookies, known as DART cookies, to serve ads to our site visitors based upon their visit to www.website.com and other sites on the internet. However, visitors may choose to decline the use of DART cookies by visiting the Google ad and content network Privacy Policy at the following URL – <a href='https://policies.google.com/technologies/ads' target='_blank'>https://policies.google.com/technologies/ads</a>.</p>
<p>Some of advertisers on our site may use cookies and web beacons. Our advertising partners are listed below. Each of our advertising partners has their own Privacy Policy for their policies on user data. For easier access, we hyperlinked to their Privacy Policies below.</p>
<ul><li><a href='https://policies.google.com/technologies/ads' target='_blank'>Google</a></li></ul>
<h2>Advertising Partners Privacy Policies</h2>
<p>Third-party ad servers or ad networks uses technologies like cookies, JavaScript, or Web Beacons that are used in their respective advertisements and links that appear on {app_name}, which are sent directly to users' browser. They automatically receive your IP address when this occurs. These technologies are used to measure the effectiveness of their advertising campaigns and/or to personalize the advertising content that you see on websites that you visit.</p>
<p>Note that {app_name} has no access to or control over these cookies that are used by third-party advertisers.</p>
<h2>Third-Party Privacy Policies</h2>
<p>{app_name} Privacy Policy does not apply to other advertisers or websites. Thus, we are advising you to consult the respective Privacy Policies of these third-party ad servers for more detailed information.</p>
<p>You can choose to disable cookies through your individual browser options. To know more detailed information about cookie management with specific web browsers, it can be found at the browsers' respective websites. What Are Cookies?</p>
<h2>CCPA Privacy Policy (Do Not Sell My Personal Information)</h2>
<p>Under the CCPA, among other rights, California consumers have the right to:</p>
<ul>
<li>Request that a business that collects a consumer's personal data disclose the categories and specific pieces of personal data that a business has collected about consumers.</li>
<li>Request that a business delete any personal data about the consumer that a business has collected.</li>
<li>Request that a business that sells a consumer's personal data, not sell the consumer's personal data.</li>
<li>If you make a request, we have one month to respond to you. If you would like to exercise any of these rights, please contact us.</li>
</ul>
<h2>GDPR Privacy Policy (Data Protection Rights)</h2>
<p>We would like to make sure you are fully aware of all of your data protection rights. Every user is entitled to the following:</p>
<ul>
<li>The right to access – You have the right to request copies of your personal data. We may charge you a small fee for this service.</li>
<li>The right to rectification – You have the right to request that we correct any information you believe is inaccurate. You also have the right to request that we complete the information you believe is incomplete.</li>
<li>The right to erasure – You have the right to request that we erase your personal data, under certain conditions.</li>
<li>The right to restrict processing – You have the right to request that we restrict the processing of your personal data, under certain conditions.</li>
<li>The right to object to processing – You have the right to object to our processing of your personal data, under certain conditions.</li>
<li>The right to data portability – You have the right to request that we transfer the data that we have collected to another organization, or directly to you, under certain conditions.</li>
<li>If you make a request, we have one month to respond to you. If you would like to exercise any of these rights, please contact us.</li>
</ul>
<h2>Children's Information</h2>
<p>Another part of our priority is adding protection for children while using the internet. We encourage parents and guardians to observe, participate in, and/or monitor and guide their online activity.</p>
<p>{app_name} does not knowingly collect any Personal Identifiable Information from children under the age of 13. If you think that your child provided this kind of information on our website, we strongly encourage you to contact us immediately and we will do our best efforts to promptly remove such information from our records.</p>","<p>En {app_name}, una de nuestras principales prioridades es la privacidad de nuestros visitantes. Este documento de Política de privacidad contiene tipos de información que {app_name} recopila y registra y cómo la usamos.</p>
<p>Esta política de privacidad se aplica únicamente a nuestras actividades en línea y es válida para los visitantes de nuestro sitio web con respecto a la información que compartieron y/o recopilaron en {app_name}. Esta política no se aplica a ninguna información recopilada fuera de línea o a través de canales distintos de este sitio web.</p>
<h2>Consentimiento</h2>
<p>Al utilizar nuestro sitio web, por la presente usted acepta nuestra Política de privacidad y acepta sus términos.</p>
<h2>Información que recopilamos</h2>
<p>La información personal que se le solicita que proporcione es necesaria para brindarle el servicio y se almacena de forma segura o, en el caso del formulario de contacto, no se almacena en absoluto.</p>
<h2>Cómo utilizamos su información</h2>
<p>Utilizamos la información que recopilamos de varias maneras, incluso para:</p>
<ul>
<li>Proporcionar, operar y mantener nuestro sitio web</li>
<li>Mejorar, personalizar y ampliar nuestro sitio web</li>
<li>Comprender y analizar cómo utiliza nuestro sitio web</li>
<li>Desarrollar nuevos productos, servicios, características y funcionalidades</li>
<li>Comunicarnos con usted, ya sea directamente o a través de uno de nuestros socios, incluso para servicio al cliente, para brindarle actualizaciones y otra información relacionada con el sitio web y con fines promocionales y de marketing.</li>
<li>Encontrar y prevenir el fraude</li>
</ul>
<h2>Archivos de registro</h2>
<p>{app_name} sigue un procedimiento estándar de uso de archivos de registro. Estos archivos registran a los visitantes cuando visitan sitios web. Todas las empresas de hosting hacen esto y forman parte del análisis de los servicios de hosting. La información recopilada por los archivos de registro incluye direcciones de protocolo de Internet (IP), tipo de navegador, proveedor de servicios de Internet (ISP), marca de fecha y hora, páginas de referencia/salida y posiblemente la cantidad de clics. Estos no están vinculados a ninguna información que sea de identificación personal. El propósito de la información es analizar tendencias, administrar el sitio, rastrear el movimiento de los usuarios en el sitio web y recopilar información demográfica.</p>
<h2>Cookies y balizas web</h2>
<p>Como cualquier otro sitio web, {app_name} utiliza ""cookies"". Estas cookies se utilizan para almacenar información, incluidas las preferencias de los visitantes y las páginas del sitio web a las que el visitante accedió o visitó. La información se utiliza para optimizar la experiencia de los usuarios personalizando el contenido de nuestra página web según el tipo de navegador de los visitantes y/u otra información.</p>
<h2>Cookie DART de DoubleClick</h2>
<p>Google es uno de los proveedores externos de nuestro sitio. También utiliza cookies, conocidas como cookies DART, para mostrar anuncios a los visitantes de nuestro sitio en función de su visita a www.website.com y otros sitios en Internet. Sin embargo, los visitantes pueden optar por rechazar el uso de cookies de DART visitando la Política de privacidad de la red de contenido y publicidad de Google en la siguiente URL: <a href='https://policies.google.com/technologies/ads' target='_blank '>https://policies.google.com/technologies/ads</a>.</p>
<p>Algunos de los anunciantes de nuestro sitio pueden utilizar cookies y balizas web. Nuestros socios publicitarios se enumeran a continuación. Cada uno de nuestros socios publicitarios tiene su propia Política de Privacidad para sus políticas sobre datos de usuarios. Para facilitar el acceso, hemos creado un hipervínculo a sus Políticas de privacidad a continuación.</p>
<ul><li><a href='https://policies.google.com/technologies/ads' target='_blank'>Google</a></li></ul>
<h2>Políticas de privacidad de los socios publicitarios</h2>
<p>Los servidores o redes publicitarias de terceros utilizan tecnologías como cookies, JavaScript o Web Beacons que se utilizan en sus respectivos anuncios y enlaces que aparecen en {app_name}, que se envían directamente al navegador de los usuarios. Reciben automáticamente su dirección IP cuando esto ocurre. Estas tecnologías se utilizan para medir la eficacia de sus campañas publicitarias y/o para personalizar el contenido publicitario que ve en los sitios web que visita.</p>
<p>Tenga en cuenta que {app_name} no tiene acceso ni control sobre estas cookies que utilizan los anunciantes externos.</p>
<h2>Políticas de privacidad de terceros</h2>
<p>La política de privacidad de {app_name} no se aplica a otros anunciantes o sitios web. Por lo tanto, le recomendamos que consulte las respectivas Políticas de Privacidad de estos servidores de anuncios de terceros para obtener información más detallada.</p>
<p>Puede optar por desactivar las cookies a través de las opciones individuales de su navegador. Para conocer información más detallada sobre la gestión de cookies con navegadores web específicos, puede encontrarla en los sitios web respectivos de los navegadores. ¿Qué son las cookies?</p>
<h2>Política de privacidad CCPA (no vender mi información personal)</h2>
<p>Según la CCPA, entre otros derechos, los consumidores de California tienen derecho a:</p>
<ul>
<li>Solicitar que una empresa que recopila datos personales de un consumidor revele las categorías y datos personales específicos que una empresa ha recopilado sobre los consumidores.</li>
<li>Solicitar que una empresa elimine cualquier dato personal sobre el consumidor que haya recopilado.</li>
<li>Solicitar que una empresa que vende datos personales de un consumidor no venda los datos personales del consumidor.</li>
<li>Si realiza una solicitud, tenemos un mes para responderle. Si desea ejercer cualquiera de estos derechos, póngase en contacto con nosotros.</li>
</ul>
<h2>Política de Privacidad RGPD (Derechos de Protección de Datos)</h2>
<p>Nos gustaría asegurarnos de que usted conoce plenamente todos sus derechos de protección de datos. Todo usuario tiene derecho a lo siguiente:</p>
<ul>
<li>El derecho de acceso: tiene derecho a solicitar copias de sus datos personales. Es posible que le cobremos una pequeña tarifa por este servicio.</li>
<li>El derecho a la rectificación: tiene derecho a solicitar que corrijamos cualquier información que considere inexacta. También tiene derecho a solicitar que completemos la información que crea que está incompleta.</li>
<li>El derecho de eliminación: tiene derecho a solicitar que eliminemos sus datos personales, bajo ciertas condiciones.</li>
<li>El derecho a restringir el procesamiento: tiene derecho a solicitar que restrinjamos el procesamiento de sus datos personales, bajo ciertas condiciones.</li>
<li>El derecho a oponerse al procesamiento: usted tiene derecho a oponerse a nuestro procesamiento de sus datos personales, bajo ciertas condiciones.</li>
<li>El derecho a la portabilidad de los datos: tiene derecho a solicitar que transfiramos los datos que hemos recopilado a otra organización, o directamente a usted, bajo ciertas condiciones.</li>
<li>Si realiza una solicitud, tenemos un mes para responderle. Si desea ejercer cualquiera de estos derechos, póngase en contacto con nosotros.</li>
</ul>
<h2>Información para niños</h2>
<p>Otra parte de nuestra prioridad es agregar protección para los niños mientras usan Internet. Alentamos a los padres y tutores a observar, participar y/o monitorear y guiar su actividad en línea.</p>
<p>{app_name} no recopila intencionalmente ninguna información de identificación personal de niños menores de 13 años. Si cree que su hijo proporcionó este tipo de información en nuestro sitio web, le recomendamos encarecidamente que se comunique con nosotros de inmediato y haremos todo lo posible. mejores esfuerzos para eliminar rápidamente dicha información de nuestros registros.</p>"
page_privacy_title,"Privacy Policy","Política de privacidad"
