phrase,source_en,translation
page_terms_meta_description,"These terms and conditions outline the rules and regulations for the use of {app_name}.","Estos términos y condiciones describen las reglas y regulaciones para el uso de {app_name}."
page_terms_meta_keywords,"terms and conditions","términos y condiciones"
page_terms_meta_title,"Terms and Conditions","Términos y condiciones"
page_terms_text,"<p>These terms and conditions outline the rules and regulations for the use of {app_name}.</p>
<p>By accessing this website we assume you accept these terms and conditions. Do not continue to use {app_name} if you do not agree to take all of the terms and conditions stated on this page.</p>
<p>The following terminology applies to these Terms and Conditions, Privacy Statement and Disclaimer Notice and all Agreements: “Client”, “You” and “Your” refers to you, the person log on this website and compliant to the Company's terms and conditions. “The Company”, “Ourselves”, “We”, “Our” and “Us”, refers to our Company. “Party”, “Parties”, or “Us”, refers to both the Client and ourselves. All terms refer to the offer, acceptance and consideration of payment necessary to undertake the process of our assistance to the Client in the most appropriate manner for the express purpose of meeting the Client's needs in respect of provision of the Company's stated services, in accordance with and subject to, prevailing law of Netherlands. Any use of the above terminology or other words in the singular, plural, capitalization and/or he/she or they, are taken as interchangeable and therefore as referring to same.</p>
<h2>Cookies</h2>
<p>We employ the use of cookies. By accessing {app_name}, you agreed to use cookies in agreement with the <a href='{privacy_url}'>Privacy Policy</a>.</p>
<p>Most interactive websites use cookies to let us retrieve the user's details for each visit. Cookies are used by our website to enable the functionality of certain areas to make it easier for people visiting our website. Some of our affiliate/advertising partners may also use cookies.</p>
<h2>License</h2>
<p>You must not:</p>
<ul>
<li>Republish material from {app_name}</li>
<li>Sell, rent or sub-license material from {app_name}</li>
<li>Reproduce, duplicate or copy material from {app_name}</li>
<li>Redistribute content from {app_name}</li>
</ul>
<p>This Agreement shall begin on the date hereof.</p>
<h2>iFrames</h2>
<p>Without prior approval and written permission, you may not create frames around our Webpages that alter in any way the visual presentation or appearance of our Website.</p>
<h2>Content Liability</h2>
<p>We shall not be hold responsible for any content that appears on your Website. You agree to protect and defend us against all claims that is rising on your Website. No link(s) should appear on any Website that may be interpreted as libelous, obscene or criminal, or which infringes, otherwise violates, or advocates the infringement or other violation of, any third party rights.</p>
<h2>Reservation of Rights</h2>
<p>We reserve the right to request that you remove all links or any particular link to our Website. You approve to immediately remove all links to our Website upon request. We also reserve the right to amen these terms and conditions and it's linking policy at any time. By continuously linking to our Website, you agree to be bound to and follow these linking terms and conditions.</p>
<h2>Removal of links from our website</h2>
<p>If you find any link on our Website that is offensive for any reason, you are free to contact and inform us any moment. We will consider requests to remove links but we are not obligated to or so or to respond to you directly.</p>
<p>We do not ensure that the information on this website is correct, we do not warrant its completeness or accuracy; nor do we promise to ensure that the website remains available or that the material on the website is kept up to date.</p>
<h2>Disclaimer</h2>
<p>To the maximum extent permitted by applicable law, we exclude all representations, warranties and conditions relating to our website and the use of this website. Nothing in this disclaimer will:</p>
<ul>
<li>limit or exclude our or your liability for death or personal injury;</li>
<li>limit or exclude our or your liability for fraud or fraudulent misrepresentation;</li>
<li>limit any of our or your liabilities in any way that is not permitted under applicable law; or</li>
<li>exclude any of our or your liabilities that may not be excluded under applicable law.</li>
</ul>
<p>The limitations and prohibitions of liability set in this Section and elsewhere in this disclaimer: (a) are subject to the preceding paragraph; and (b) govern all liabilities arising under the disclaimer, including liabilities arising in contract, in tort and for breach of statutory duty.</p>
<p>As long as the website and the information and services on the website are provided free of charge, we will not be liable for any loss or damage of any nature.</p>","<p>Estos términos y condiciones describen las reglas y regulaciones para el uso de {app_name}.</p>
<p>Al acceder a este sitio web asumimos que acepta estos términos y condiciones. No continúe usando {app_name} si no acepta todos los términos y condiciones establecidos en esta página.</p>
<p>La siguiente terminología se aplica a estos Términos y condiciones, Declaración de privacidad y Aviso de exención de responsabilidad y a todos los Acuerdos: ""Cliente"", ""Usted"" y ""Su"" se refieren a usted, la persona que inicia sesión en este sitio web y cumple con los términos y condiciones de la Compañía. condiciones. “La Compañía”, “Nosotros”, “Nosotros”, “Nuestro” y “Nos”, se refiere a nuestra Compañía. ""Parte"", ""Partes"" o ""Nosotros"" se refieren tanto al Cliente como a nosotros mismos. Todos los términos se refieren a la oferta, aceptación y consideración del pago necesario para llevar a cabo el proceso de nuestra asistencia al Cliente de la manera más adecuada con el propósito expreso de satisfacer las necesidades del Cliente con respecto a la prestación de los servicios indicados por la Compañía, de acuerdo con y sujeto a la legislación vigente en los Países Bajos. Cualquier uso de la terminología anterior u otras palabras en singular, plural, mayúsculas y/o él/ella o ellos, se consideran intercambiables y por lo tanto se refieren a los mismos.</p>
<h2>Cookies</h2>
<p>Utilizamos el uso de cookies. Al acceder a {app_name}, aceptas utilizar cookies de acuerdo con la <a href='{privacy_url}'>Política de Privacidad</a>.</p>
<p>La mayoría de los sitios web interactivos utilizan cookies para permitirnos recuperar los detalles del usuario para cada visita. Nuestro sitio web utiliza cookies para habilitar la funcionalidad de ciertas áreas para que sea más fácil para las personas que visitan nuestro sitio web. Algunos de nuestros socios afiliados/publicitarios también pueden utilizar cookies.</p>
<h2>Licencia</h2>
<p>No debes:</p>
<ul>
<li>Volver a publicar material de {app_name}</li>
<li>Vender, alquilar o sublicenciar material de {app_name}</li>
<li>Reproducir, duplicar o copiar material de {app_name}</li>
<li>Redistribuir contenido de {app_name}</li>
</ul>
<p>Este Acuerdo comenzará en la fecha del presente.</p>
<h2>iFrames</h2>
<p>Sin aprobación previa y permiso por escrito, no puede crear marcos alrededor de nuestras páginas web que alteren de alguna manera la presentación visual o la apariencia de nuestro sitio web.</p>
<h2>Responsabilidad del contenido</h2>
<p>No seremos responsables de ningún contenido que aparezca en su sitio web. Usted acepta protegernos y defendernos contra todos los reclamos que surjan en su sitio web. No deben aparecer enlaces en ningún sitio web que puedan interpretarse como difamatorios, obscenos o criminales, o que infrinjan, violen o defiendan la infracción u otra violación de derechos de terceros.</p>
<h2>Reserva de Derechos</h2>
<p>Nos reservamos el derecho de solicitarle que elimine todos los enlaces o cualquier enlace en particular a nuestro sitio web. Usted aprueba eliminar inmediatamente todos los enlaces a nuestro sitio web si así lo solicita. También nos reservamos el derecho de modificar estos términos y condiciones y su política de vinculación en cualquier momento. Al vincularse continuamente a nuestro sitio web, usted acepta estar sujeto y seguir estos términos y condiciones de vinculación.</p>
<h2>Eliminación de enlaces de nuestra web</h2>
<p>Si encuentra algún enlace en nuestro sitio web que sea ofensivo por cualquier motivo, puede contactarnos e informarnos en cualquier momento. Consideraremos las solicitudes para eliminar enlaces, pero no estamos obligados a hacerlo ni a responderle directamente.</p>
<p>No garantizamos que la información contenida en este sitio web sea correcta, no garantizamos su integridad o precisión; ni nos comprometemos a garantizar que el sitio web permanezca disponible o que el material del sitio web se mantenga actualizado.</p>
<h2>Descargo de responsabilidad</h2>
<p>En la medida máxima permitida por la ley aplicable, excluimos todas las representaciones, garantías y condiciones relacionadas con nuestro sitio web y el uso de este sitio web. Nada en este descargo de responsabilidad:</p>
<ul>
<li>limitar o excluir nuestra responsabilidad o la suya por muerte o lesiones personales;</li>
<li>limitar o excluir nuestra responsabilidad o la suya por fraude o tergiversación fraudulenta;</li>
<li>limitar cualquiera de nuestras responsabilidades o las suyas de cualquier forma que no esté permitida por la ley aplicable; o</li>
<li>excluir cualquiera de nuestras responsabilidades o las suyas que no puedan estar excluidas según la ley aplicable.</li>
</ul>
<p>Las limitaciones y prohibiciones de responsabilidad establecidas en esta Sección y en otras partes de este descargo de responsabilidad: (a) están sujetas al párrafo anterior; y (b) regir todas las responsabilidades que surjan bajo la exención de responsabilidad, incluidas las responsabilidades que surjan en el contrato, en agravio y por incumplimiento del deber legal.</p>
<p>Siempre que el sitio web y la información y los servicios del sitio web se proporcionen de forma gratuita, no seremos responsables de ninguna pérdida o daño de cualquier naturaleza.</p>"
page_terms_title,"Terms and Conditions","Términos y condiciones"
