phrase,source_en,translation
"{Many} days ago","{Many} days ago","Hace {Many} dias"
"{Many} hours ago","{Many} hours ago","Hace {Many} horas"
"{Many} minutes ago","{Many} minutes ago","Hace {Many} minutos"
"{Many} months ago","{Many} months ago","Hace {Many} meses"
"{Many} years ago","{Many} years ago","Hace {Many} años"
"{One} day ago","{One} day ago","Hace {One} day"
"{One} hour ago","{One} hour ago","Hace {One} hora"
"{One} minute ago","{One} minute ago","Hace {One} minuto"
"{One} month ago","{One} month ago","Hace {One} mes"
"{One} year ago","{One} year ago","Hace {One} año"
Action,Action,Acción
"Back to Inbox","Back to inbox","Volver a la bandeja de entrada"
"Block Sender","Block Sender","Bloquear remitente"
"Blocked at","Blocked at","Bloqueado en"
"Blocked users","Blocked users","Usuarios bloqueados"
Chat,Chat,Chat
"Chat with {Username}","Chat with {Username}","Chatea con {Username}"
"Completely remove","Completely remove","Retire completamente"
folder_important,Important,Importante
folder_inbox,Inbox,"Bandeja de entrada"
folder_sent,"Sent Items","Elementos enviados"
folder_starred,Starred,Destacado
folder_trash,Trash,Papelera
I'm,I'm,Estoy
"Just now","Just now","En este momento"
Loading...,Loading...,"Leyendo, espere ..."
"Mark as Important","Mark as Important","Marcar como importante"
"Mark as Read","Mark as Read","Marcar como leído"
"Mark as Starred","Mark as Starred","Marcar como Destacado"
Message,Message,Mensaje
"Message has been sent","Message has been sent","El mensaje ha sido enviado"
"Messages have been completely removed","Messages have been completely removed","Los mensajes se han eliminado"
"Messages have been restored","Messages have been restored","Los mensajes han sido restaurados"
"Move to Trash","Move to Trash","Mover a la papelera"
"My messages","My messages","Mis mensajes"
New,New,Nuevo
"New message","New message","Nuevo mensaje"
Refresh,Refresh,Actualizar
"Remove from Important folder","Remove from Important folder","Eliminar de la carpeta Importante"
"Remove from Starred folder","Remove from Starred folder","Eliminar de la carpeta Destacados"
"Removed from sale","Removed from sale","Eliminado de venta"
"Restore from Trash folder","Restore from Trash folder","Restaurar desde la Papelera"
Scammer!,Scammer!,Estafador!
"Selected messages has been marked as Important","Selected messages has been marked as Important","Los mensajes seleccionados se han marcado como Importante"
"Selected messages have been marked as read","Selected messages have been marked as read","Los mensajes seleccionados se han marcado como leído"
"Selected messages have been moved to Starred folder","Selected messages have been moved to Starred folder","Los mensajes seleccionados se han movido a la carpeta Destacados"
"Selected messages have been moved to trash folder","Selected messages have been moved to trash folder","Los mensajes seleccionados han sido movidos a la Papelera"
"Selected messages have been removed from Important folder","Selected messages have been removed from Important folder","Los mensajes seleccionados se han eliminado de la carpeta Importante"
"Selected messages have been removed from Starred folder","Selected messages have been removed from Starred folder","Los mensajes seleccionados se han eliminado de la carpeta Destacados"
"Send message","Send message","Enviar mensaje"
"The website has been sold or removed from sales.","The website has been sold or removed from sales.","La página web se ha vendido o retirado de la venta."
"This user has blocked you","This user has blocked you","Este usuario se ha bloqueado"
"Type your message here...","Type your message here...","Escriba su mensaje aquí ..."
"Unauthorized users can not send messages","Unauthorized users can not send messages","Los usuarios no autorizados no pueden enviar mensajes"
Unblock,Unblock,Desbloquear
"User has been blocked","User has been blocked","El usuario ha sido bloqueado"
"User has been blocked and marked as a spammer","User has been blocked and marked as a spammer","El usuario ha sido bloqueado y marcado como un spammer"
"User has been unblocked","User has been unblocked","El usuario ha sido desbloqueado"
"You are forbidden to send messages","You are forbidden to send messages","Está prohibido el envío de mensajes"
"You can't send message to yourself","You can't send message to yourself","No puedes enviar el mensaje a ti mismo"
"You have blocked this user. {Click here} to unblock","You have blocked this user. {Click here} to unblock","Se ha bloqueado este usuario. {Click here} para desbloquear"
