phrase,source_en,translation
"{Portal} allows people you to sell your website.","{Portal} allows people you to sell your website or domain name and allow people contact with you who may interest with your website/domain.","{Portal} permite a las personas vender su Sitio Web o nombre de Dominio y permiten que las personas interesadas en su SitioWeb/Dominio lo contactacten."
"After analysis and calculation of your website price done, click ""Sell my website/domain""","After analysis and calculation of your website price done, click ""Sell my website/domain"" link under Widgets section. Or click Dashboard link on the menu.","Despues de haber realizado el análisis y el cálculo del precio de su Sitio Web, haga clic en la liga ""Vender mi Sitio Web/Dominio"" en la sección Widgets. O haga clic en la liga de la Portada en el menú."
"And wait for people contact with you.","And wait for people contact with you. If anybody interesting with your website/domain name, you will receive an e-mail from your potential buyer including his/her contact information.","Y esperar a que la gente entre en contacto con usted. Si alguien se interesa por su sitio web/dominio, recibirá un e-mail de su potencial comprador incluyendo su información de contacto."
"Check websites and domains on sale","Check websites and domains on sale","Visite los Sitios Web y dominios en venta"
"Check your domain/website listed on {Buy Websites} page","Check your domain/website listed on {Buy Websites} page.","Compruebe su dominio/Sitio Web que aparece listado en la página {Buy Websites}"
"Check your website/domain on {Portal}","Check your website/domain on {Portal} (Open {Portal} home page and write your website/domain name then click ""Calculate"").","Compruebe su sitio web / dominio en {Portal} (Abierto {Portal} página de inicio y escribir su página web / nombre de dominio a continuación, haga clic en ""Calcular"")."
"Do you want to sell your website, sell your domain name?","Do you want to sell your website, sell your domain name?","¿Quiere vender su Sitio Web y/o su nombre de dominio?"
"Register/Login to {Portal}","Register/Login to {Portal}.","Registrarse/Entrar a {Portal}."
"Sale instruction description","How to sell my website or domain on {Portal}","Cómo vender mi Sitio Web o Dominio en {Portal}"
"Sale instruction page keywords","sell domain,sell website,sell website for free,sell domain for free,sell my domain,sell my website","venta dominios, venta Sitios Web, venta dominio gratis, venta Sitios Web gratis, vender mi dominio, vender mi sitio web"
"Sell Websites - Sell Domains","Sell Websites - Sell Domains","Vender Sitios Web - Vender Dominios"
"Site Verification page opens","Site Verification page opens. Put the HTML code on your website main(root) page and enter the information that asked. And click ""Verify"" button. If verification done succesfully then fill out the form and your website/domain started to sell on {Portal}.","Verificación de pagína abierta del sitio. Ponga el código HTML en la pagina principal (root) de su sitio web e introduzca la información que solicitó. Y haga clic en el botón ""Verificar"". Si la verificación se ha realizado con éxito llene el siguiente formulario y su Sitio Web/dominio comenzará a venderse en {Portal}."
"To tell people that you may sell your website or sell domain","To tell people that you may sell your website or sell domain name with a good offer follow this easy instructions.","Para decirle a la gente que usted desea vender su Sitio Web o Dominio con una buena oferta, debe seguir estas fáciles instrucciones."
