phrase,source_en,translation
Category,Category,Categoría
"Congratulations. Your website/domain is on sale","Congratulations. Your website/domain is on sale","¡Felicitaciones!. Su sitio web/dominio está en venta"
Domain/Website,Domain/Website,"Dominio/Sitio Web"
Field,Field,campo
"Fill out the form","Fill out the form","Rellene el formulario"
"Information has been updated","Information has been updated","La información ha sido actualizada"
"Insert widget on your main page and click ""verify"" button. Feel free to modify HTML/CSS, but leave do follow link.","Insert widget on your main page and click ""verify"" button. Feel free to modify HTML/CSS, but leave do follow link.","Inserte el widget en su página principal y haga clic en el botón ""verificar"". Siente la confianza de modificar HTML/CSS, pero no deje de seguir el enlace."
"My Websites/Domains on Sale","My Websites/Domains on Sale","Mi Sitio Web/Dominios en Venta"
"Nothing is sold","Nothing is for sale","Nada está en venta"
"Put up for sale","Put up for sale","Colocado para venta"
"Remove from sale","Remove from sale","Eliminar de la venta"
"Sell Website/Domain","Sell Website/Domain","Vende Sitio Web/Dominio"
"The website is already on sale","The website is already on sale","El Sitio Web ya está en venta"
"The widget has been found","The widget has been found","El widget ha sido encontrado"
"The widget has not been found","The widget has not been found","No se ha encontrado el widget"
Value,Value,valor
Verify,Verify,Compruebe
"Visit website","Visit website","Visite el Sitio Web"
"Website {Domain} has been removed from sale","Website {Domain} has been removed from sale","Sitio web {Domain} ha sido retirado de la venta"
