phrase,source_en,translation
"Complain date","Complain date","Fecha de queja"
Legend,Legend,Leyenda
"Prevent {Scammer} from sending letters","Prevent {Scammer} from sending letters","Prevenir {Scammer} de envío de cartas"
"Scam reports","Scam reports","Reporte de estafa"
Scammer,Scammer,Estafador
Sender,Sender,Remitente
"Sent at","Sent at","Enviado a"
"The dialog between {Sender} and {Scammer}","The dialog between {Sender} and {Scammer}","La conversación entre el {Sender} y {Scammer}"
"User has been restricted","User has been restricted","El usuario ha sido restringido"
"View dialog","View dialog","Ver conversación"
