phrase,source_en,translation
"Access denied","Access denied","Acceso denegado"
"Index page description","How much is a website price? {Portal} is a free website worth calculator and domain value estimator. You Can Sell and Buy Websites and Domain names with no cost.","¿Cuál es el precio de un sitio web? {Portal} es un sitio web gratuito que calcula el valor estimado de un Dominio y Sitio Web. Usted puede vender y comprar sitios web y nombres de dominio sin ningún costo."
"Index page keywords","buy website,domain estimator,domain valuation,domain value,domain value calculator,domain value estimator,domain worth,how much is my website worth,price website,sell website,site price,site value,site value calculator,site worth,value my website,value of a website,web worth,website calculator,website price,website price calculator,website valuation,website value,website value calculator,website value checker,website value estimator,website worth,website worth calculator,website worth checker,what is my domain worth,what is my website worth,worth of web,worth of website","comprar sitio web, calculador de dominio, valorador de dominio, valor de dominio, calculadora de dominios, valor estimado de dominio, cuanto vale dominio, cuánto cuesta mi sitio web, precio costo de sitio web, vender sitio web, precio sitio, valor del sitio, calculadora valor del sitio, vale sitio, valor mi sitio Web, el valor de un sitio web, valor web, calculadora web, precio sitio web, sitio web calculadora de precios, valoración de sitio web, valor sitio web, valor calculado de página web, valor corrector de mi sitio web, valor estimador de web, página web cuanto vale, calculadora evalua sitio web, valor correcto de sitio web, ¿cuál es valor de mi dominio?, ¿cuál es el valor de mi sitio web?, valor de web, valor de sitio web."
"Index page title","Get website cost online","Obtener costo en línea del Sitio Web"
"Internal server error","Internal server error","Error Interno del Servidor"
"Learn more","Learn more","Aprende más"
OK,OK,OK
"Page not found","Page not found","Página no encontrada"
"This website uses cookies to ensure you get the best experience on our website.","This website uses cookies to ensure you get the best experience on our website.","Utilizamos cookies para personalizar contenido y anuncios, para proporcionar funciones de medios sociales y analizar nuestro tráfico. También compartimos información sobre su uso de nuestro sitio con nuestros socios de los medios sociales, publicidad y análisis."
