phrase,source_en,translation
"{Click here} if you already have an account and just need to login.","{Click here} if you already have an account and just need to login.","{Click here} si ya tiene una cuenta y sólo tiene que iniciar sesión."
"A confirmation email has been sent on {ConfirmationEmail}","A confirmation email has been sent on {ConfirmationEmail}. Please go to your inbox now, open the email and click on activation link.","Un correo electrónico de confirmación ha sido enviado a {ConfirmationEmail}. Por favor, revise su bandeja de entrada ahora, abrir el correo electrónico y haga clic en el enlace de activación."
Active,Active,Activo
Administrator,Administrator,Administrador
"Allow send messages","Allow send messages","Permitir enviar mensajes"
Blocked,Blocked,Bloqueado
"Can send message","Can send message","Puede enviar mensaje"
"Change Password Form","Change Password Form","Formulario de Cambio de Contraseña"
"Confirmed Email","Confirmed Email","Correo electrónico confirmado"
Congratulations!,Congratulations!,"¡En hora buena!"
"Create an account","Create an account","Crear una cuenta"
"Create User","Create User","Crear usuario"
"Creating a {InstalledUrl} account is fast, easy, and free","Creating a {InstalledUrl} account is fast, easy, and free","Creación de una {InstalledUrl} cuenta, es rápido, fácil y gratis"
"Delete user","Delete user","Eliminar  usuario"
Deleted,Deleted,Eliminar
"Don't have an account yet? {Sign up now}!","Don't have an account yet? {Sign up now}!","¿No tienes una cuenta todavía? {Sign up now}!"
"Edit user data","Edit user data","Editar datos de usuario"
Email,Email,"Correo electrónico"
"Email confirmation","Email confirmation","Confirmación por Correo electrónico"
Field,Field,Campo
"Forgot password instruction","You forgot your password? No big deal. Give us your email address and we will send you you a message with some simple instructions to reset it. You will have to click the link in the email we send in order to reset your password.","¿Olvidó su contraseña? No se preocupe, a todos nos pasa. Denos su Correo electrónico y le enviaremos un mensaje con unas sencillas instrucciones para restablecerla. Tendrá que hacer clic en el enlace del Correo electrónico que le enviaremos con el fin de restablecer la contraseña."
"Forgot your password?","Forgot your password?","¿Olvidó su contraseña?"
"Go check your email and confirm RIGHT NOW","Go check your email and confirm RIGHT NOW","Revise su correo electrónico y confirme AHORA!"
"I have read and accept the {Terms and Conditions}","I have read and accept the {Terms and Conditions}","He leído y acepto los {Terms and Conditions}"
"Incorrect old password","Incorrect old password","Contraseña antigua incorrecta"
"Invalid email or password","Invalid email or password","Correo electrónico o contraseña no válidos"
"Last login at","Last login at","Última entrada en"
"Last login IP Address","Last login IP Address","Última entrada de direcciones IP"
"Login Form","Login Form","Formulario de acceso"
"Manage Users","Manage Users","Administrar usuarios"
"Modified at","Modified at","Modificado en"
"Need an account?","Need an account?","¿Necesitas una cuenta?"
"Old password","Old password","Contraseña anterior"
"or wait, I remember!","or wait, I remember!","o esperar, lo recuerdo!"
Password,Password,Contraseña
"Password has been changed","Password has been changed","La contraseña ha sido cambiada"
"Password recovery","Password recovery","Recuperar contraseña"
"Passwords do not match","Passwords do not match","Las contraseñas no coinciden"
"Please Sign In","Please Sign In","Por favor Entre"
"Profile Settings","Profile Settings","Configuración del perfil"
Re-Password,Re-Password,Re-Contraseña
"Register Form","Register Form","Formulario de Registro"
"Register new account","Register new account","Registrar una nueva cuenta"
"Registered at","Registered at","Registrado en"
"Registered IP","Registered IP","IP registrada"
"Registration at {InstalledUrl}","Registration at {InstalledUrl}","Registro en {InstalledUrl}"
"Remember me","Remember me",Recuerdame
"Reset password","Reset password","Restablecer contraseña"
Root,Root,Root
"Set new password","Set new password","Establecer nueva contraseña"
"Sign in","Sign in",Registrarse
"Sign up","Sign up",Contratar
"Sign up now","Sign up now","Inscríbete ahora"
"The password has been changed. Use new password to login","The password has been changed. Use new password to login","La contraseña ha sido cambiada. Utilice la nueva contraseña para iniciar sesión"
Unknown,Unknown,Desconocido
User,User,Usuario
"User has {CountOnSale} website(-s) on sale","User has {CountOnSale} website(-s) on sale","El usuario tiene {CountOnSale}  Sitio(s) Web en venta"
"User has been blocked or deleted","User has been blocked or deleted","El usuario ha sido bloqueado o eliminado"
"User has been created","User has been created","El usuario ha sido creado"
"User has been deleted","User has been deleted","El usuario ha sido borrado"
"User Inbox","User inbox","Bandeja de entrada del usuario"
"User info","User info","Información del usuario"
"User role","User role","Rol de usuario"
"User status","User status","Estatus de usuario"
Username,Username,"Nombre de usuario"
Value,Value,Valor
"Verification code","Verification code","Código de verificación"
"We didn't find such email address","We didn't find such email address","No se encontró esta dirección de correo electrónico"
"We have sent you confirmation email. Please confirm it","We have sent you confirmation email. Please confirm it","Hemos enviado una confirmación de correo electrónico. Por favor, confirme ésta"
"You have been disconnected from the session","You have been disconnected from the session","Usted ha sido desconectado de la sesión"
"You have successfully confirmed your email address.","You have successfully confirmed your email address.","Usted ha confirmado con éxito su dirección de correo electrónico."
