phrase,source_en,translation
"{NumOfWebsites} total website price calculated","{NumOfWebsites} total website price calculated.","{NumOfWebsites} Total de Sitios Web que se ha calculado su precio."
"{Percent} of sites are faster","{Percent} of sites are faster","{Percent} de los sitios son más rápidos"
"{Percent} of sites are slower","{Percent} of sites are slower","{Percent} de sitios son más lentos"
"{Seconds} Seconds","{Seconds} Seconds","{Seconds} Segundos"
"{Website} worth is {Cost}","{Website} worth is {Cost}","El valor de {Website} es de {Coste}"
"Add to catalog. Free","Add to catalog. Free","Agregar a catálogo. Gratis"
"Alexa Rank","Alexa Rank","Alexa Rank"
"Alexa Stats","Alexa Stats","Estadísticas Alexa"
"Antivirus Stats","Antivirus Stats","Estadísticas Antivirus"
AVG,AVG,AVG
"Basic information","Basic information","Información básica"
"Bing Index","Bing Index","Índice Bing"
Calculate,Calculate,Calcular
"Catalog Stats","Catalog Stats","Catálogo de Estadísticas"
City,City,Ciudad
"Click count","Click count","Haga clic en la cuenta"
Coins,Coins,Monedas
"Comment count","Comment count","Recuento de comentarios"
"Comment plugin count","Comment plugin count","Los comentarios cuentan en el plugin"
"Contact seller","Contact seller","Contactar al vendedor"
"Could not reach host: {Host}","Could not reach host: {Host}","No se pudo alcanzar el host: {Host}"
Country,Country,País
"Daily Ads Revenue","Daily Ads Revenue","Ingresos diarios de Anuncios"
"Daily Global Rank Trend","Daily Global Rank Trend","Tendencia de Ranking Mundial  diarios"
"Daily Pageviews","Daily Pageviews","Vista de páginas diarias"
"Daily Reach (Percent)","Daily Reach (Percent)","Alcance diario (Porcentaje)"
"Daily Unique Visitors","Daily Unique Visitors","Visitantes únicos al día"
Description,Description,Descripción
Dmoz,Dmoz,Dmoz
Domain,Domain,Dominio
"Domain Authority","Domain Authority","Domain Authority"
"Domain Authority Description","Domain authority is a metric, developed by SEOMoz, to predict the ability of a website / domain to rank in search engines. Domain authority uses a 0 to 100 logarithmic scale. A high Domain authority score means your complete website / all the pages on your domain have the potential to rank well in search engine results.","Domain authority is a metric, developed by SEOMoz, to predict the ability of a website / domain to rank in search engines. Domain authority uses a 0 to 100 logarithmic scale. A high Domain authority score means your complete website / all the pages on your domain have the potential to rank well in search engine results."
"Domain name","Domain name","Nombre de dominio"
"Estimate other website","Estimate other website","Estimación otro sitio web"
"Estimate Price","Estimate Price","Precio Estimado"
"Estimated Daily Stats","Estimated Daily Stats","Estadísticas Diarias estimadas"
"Estimated Data Analytics","Estimated Data Analytics","Estimación analítica de datos"
"Estimated Monthly Stats","Estimated Monthly Stats","Estimación de estadísticas mensuales"
"Estimated website cost of any domain","Estimated website cost of any domain.","Estimar costo de cualquier Sitio Web y Dominio."
"Estimated worth","Estimated worth","Valor estimado"
"Estimated Yearly Stats","Estimated Yearly Stats","Estadísticas anuales estimadas"
"Explore more","Explore more","Explorar más"
"Facebook Stats","Facebook Stats","Estadísticas  Facebook"
Failed,Failed,Error
"Get code","Get code","Obtener el código"
"Get website review","Get website review","Obtener Revisión del Sitio Web"
"Get widget","Get widget","Obtener widget"
"Get widget / Sale website","Get widget / Sale website","Obtener  widget/venta de Sitio Web"
"Global Rank","Global Rank","Posición Mundial"
Google,Google,Google
"Google Backlinks","Google Backlinks","Google Backlinks (Ligas devueltas)"
"Google Index","Google Index","Google Índice"
Gplus+,Gplus+,Gplus+
Grid,Grid,Rejilla
"Has Estimated Worth of","Has Estimated Worth of","Tiene un valor estimado de"
"How much {Website} is worth?","How much {Website} is worth?","¿Cuánto vale {Website}?"
"IP Address","IP Address","Dirección IP"
"Is On Sale","Is On Sale","Está en venta"
Keywords,Keywords,"Palabras clave"
Latitude,Latitude,Latitud
"Leave empty input","Leave empty input","Dejar entrada vacía"
"Like count","Like count","Cuenta me gusta"
Likes,Likes,"Me gusta"
LinkedIn,LinkedIn,LinkedIn
"Links in","Links in","Enlaces en"
List,List,Lista
"List of upcoming websites. Page {PageNr}","List of upcoming websites. Page {PageNr}","Lista de los próximos sitios web. Página {PageNr}"
"Load speed","Load speed","Velocidad de carga"
"Local Rank","Local Rank","Rango local"
"Location Stats","Location Stats","Estadísticas  de Ubicación"
Longitude,Longitude,Longitud
"Manage Websites","Manage Websites","Gestionar Sitios Web"
McAfee,McAfee,McAfee
"Monthly Ads Revenue","Monthly Ads Revenue","Ingresos de Anuncios Mensuales"
"Monthly page view","Monthly page view","Páginas vistas al mes"
"Monthly Pageviews","Monthly Pageviews","Páginas vistas mensuales"
"Monthly revenue","Monthly revenue","Ingresos mensuales"
"Monthly Unique Visitors","Monthly Unique Visitors","Visitantes únicos mensuales"
"More actions","More actions","Más acciones"
"MOZ Links","MOZ Links","MOZ Links"
"MOZ Links Description","The number of links in MOZ to the URL","The number of links in MOZ to the URL"
Norton,Norton,Norton
Notes,Notes,Notas
"Number of websites","Number of websites","Número de Páginas Web"
"Page Authority","Page Authority","Page Authority"
"Page Authority Description","Page authority is a metric, developed by SEOMoz, to predict the ability for a specific page to rank in search engines. Page authority uses a 0 to 100 logarithmic scale. A high Page authority score means your page has the potential to rank well in search engine results.","Page authority is a metric, developed by SEOMoz, to predict the ability for a specific page to rank in search engines. Page authority uses a 0 to 100 logarithmic scale. A high Page authority score means your page has the potential to rank well in search engine results."
"Page Rank",PageRank,PageRank
Pins,Pins,Pins
"Re-Calculate estimate price","Re-Calculate estimate price","Re-calcular precio estimado"
"Reaction count","Reaction count","Conteo de reacción"
Region,Region,Región
"Related Keywords","Related Keywords","Palabras claves relacionadas"
"Remove website","Remove website","Eliminar Sitio Web"
"Remove website from sale","Remove website from sale","Eliminar Sitio Web en venta"
"Review average","Review average","Promedio de los comentarios"
"Review count","Review count","Conteo de los comentarios"
"Sale Website","Sale Website","Sitio Web en Venta"
"Sales Information","Sales Information","Información de ventas"
"Search Engine Stats","Search Engine Stats","Estadísticas de Busqueda"
"Search Traffic","Search Traffic","Tráfico de búsqueda"
"Seller has blocked you","Seller has blocked you","Vendedor se ha bloqueado"
"Selling price","Selling price","Precio de venta"
"Share count","Share count","Compartir conteo"
"Show Your Visitors Your Website Value","Show Your Visitors Your Website Value","Mostrar a tus visitantes el Valor de tu Sitio Web"
"Similar Websites","Similar Websites","Sitios web similares"
"Site Price calculated at: {Time}","Site Price calculated at: {Time}","Precio calculado del Sitio en: {Time}"
"Social Stats","Social Stats","Estadísticas Sociales"
Stumbleupon,Stumbleupon,Stumbleupon
Success,Success,Éxito
"The website's estimated price has been recalculated. {Click here} to see a result","The website's estimated price has been recalculated. {Click here} to see a result","El precio estimado de la Página Web se ha recalculado. {Click here} para ver el resultado"
"This website is on sale","This website is on sale","Este Sitio Web está en venta"
Title,Title,Título
"TOP by Cost","TOP by Cost","Mejores por Costo"
"TOP by Countries","TOP by Countries","Mejores por Países"
"TOP by PageRank","TOP by PageRank","Mejores por PageRank"
"Top websites by countries. Diagram. Page {PageNr}","Top websites by countries. Diagram. Page {PageNr}","Mejores Sitios Web por países. Diagrama. Página {PageNr}"
"Top websites by PageRank. Diagram","Top websites by PageRank. Diagram","Mejores Sitios Web de PageRank. Diagrama"
"Top websites by price. Page {PageNr}","Top websites by cost. Page {PageNr}","Mejores Sitios Web por costo. Página {PageNr}"
"Top websites having {PageRank} PageRank. Page {PageNr}","Top websites having {PageRank} PageRank. Page {PageNr}","Mejores Sitios Web que tiene {PageRank}  PageRank. Página {PageNr}"
"Top websites in {Country}. Page {PageNr}","Top websites in {Country}. Page {PageNr}","Mejores sitios web en {Country}. Página {PageNr}"
"Total count","Total count","Conteo total"
Twitter,Twitter,Twitter
"Unique monthly visitors","Unique monthly visitors","Visitantes únicos al mes"
"View website info","View website info","Ver información del Sitio Web"
"Webmaster info","Webmaster info","Información del Webmaster"
Website,Website,"Sitio Web"
"Website {Website} has been removed from sale","Website {Website} has been removed from sale","Sitio Web {Website} ha sido retirado de la venta"
"Website cost","Website cost","Costo del  Sitio Web"
"website description","{Website} worth is {Cost}","El valor de {Website} es de {Coste}"
"Website has been deleted","Website has been deleted","El Sitio Web ha sido borrado"
"website keywords","{Website} price, {Website} worth, {Website} estimate price, {Website} estimate cost, {Website} estimate worth","precio de {Website}, valor de {Website}, precio estimado de {Website}, costo estimado de {Website}, valor estimado de {Website}"
"Website owner? {Sale Website}!","Website owner? {Sale Website}!","Dueño de un Sitio Web? {Sale Website}!"
WHOIS,WHOIS,WHOIS
Yahoo,Yahoo,Yahoo
"Yahoo Index","Yahoo Index","Índice  Yahoo"
"Yearly Ads Revenue","Yearly Ads Revenue","Renta de Anuncios anuales"
"Yearly Pageviews","Yearly Pageviews","Páginas vistas anuales"
"Yearly Unique Visitors","Yearly Unique Visitors","Visitantes Únicos anuales"
"You have blocked this user. {Click here} to unblock","You have blocked this user. {Click here} to unblock","Se han bloqueado este usuario. {Click here} para desbloquear"
"You should login to contact seller","You should login to contact seller","Usted debe iniciar sesión para contactar con el vendedor"
