phrase,source_en,translation
"Admin panel","Admin panel","Admin panel"
"Bulk Import","Bulk Import","Bulk Import"
Dashboard,Dashboard,Dashboard
"Flush cache","Flush cache","Flush cache"
Localization,Localization,Localization
No,No,No
"Run garbage collector","Run garbage collector","Run garbage collector"
"Run widget checker","Run widget checker","Run widget checker"
"Sitemap generation","Sitemap generation","Sitemap generation"
"There are {NumOfScam} complaints of fraud. {Click here} to take an action.","There are {NumOfScam} complaints of fraud. {Click here} to take an action.","There are {NumOfScam} complaints of fraud. {Click here} to take an action."
Tools,Tools,Tools
"We have {NumOfMissingTrans} missing translations. {Click here} to find out more.","We have {NumOfMissingTrans} missing translations. {Click here} to find out more.","We have {NumOfMissingTrans} missing translations. {Click here} to find out more."
"Welcome back, {Username}","Welcome back, {Username}","Welcome back, {Username}"
Yes,Yes,Yes
"You are using administration rights over {Username}","You are using administration rights over {Username}","You are using administration rights over {Username}"
