phrase,source_en,translation
"Ascending order","Ascending order","Ascending order"
Category,Category,Category
"Category has been created","Category has been created","Category has been created"
"Category Translation","Category Translation","Category Translation"
"Create Category","Create Category","Create Category"
"Create translation","Create translation","Create translation"
"Descending order","Descending order","Descending order"
"Edit category","Edit category","Edit category"
"Is sold since","On sale since","On sale since"
"Manage Categories","Manage Categories","Manage Categories"
"Selling date","Selling date","Selling date"
Slug,Slug,Slug
"Sort by","Sort by","Sort by"
"Translation for this language already exists. {Update translation}","Translation for this language already exists. {Update translation}","Translation for this language already exists. {Update translation}"
"Translation has been created","Translation has been created","Translation has been created"
"Translation has been deleted","Translation has been deleted","Translation has been deleted"
"Translation has been updated","Translation has been updated","Translation has been updated"
"Update translation","Update translation","Update translation"
"Websites in the category {Category}. Page {PageNr}","Websites in the category {Category}. Page {PageNr}","Websites in the category {Category}. Page {PageNr}"
"Websites on sale. Page {PageNr}","Websites on sale. Page {PageNr}","Websites on sale. Page {PageNr}"
