phrase,source_en,translation
Body,Body,Body
"Contact page description","We are ready to assist you with any questions or problems you may have. Please fill out following form to contact us by e-mail.","We are ready to assist you with any questions or problems you may have. Please fill out following form to contact us by e-mail."
"Contact page keywords","{Portal} contact form, contact {Portal}","{Portal} contact form, contact {Portal}"
"Contact us","Contact us","Contact us"
Email,Email,Email
Name,Name,Name
Subject,Subject,Subject
