phrase,source_en,translation
"Calculation Error Code 102","Couldn't grab html from website","Couldn't grab html from website"
"Calculation Error Code 103","Website contains badwords","Website contains badwords"
"Calculation Error Code 201","Error while inserting data","Error while inserting data"
"Calculation Error Code 202","Error while updating data","Error while updating data"
"Sitemap error code 101","Make sure ""sitemap"" directory and ""sitemap.xml"" file has writable permissions","Make sure ""sitemap"" directory and ""sitemap.xml"" file has writable permissions"
