phrase,source_en,translation
"Any category","Any category","Any category"
"Any language","Any language","Any language"
"Can't close temporary file","Can't close temporary file","Can't close temporary file"
"Can't create temporary file","Can't create temporary file","Can't create temporary file"
"Category name","Category name","Category name"
"Choose any category","Choose any category","Choose any category"
"Choose any language","Choose any language","Choose any language"
"Couldn't open zip archive","Couldn't open zip archive","Couldn't open zip archive"
"Create Language","Create Language","Create Language"
"Create new Language","Create new Language","Create new Language"
"Create new phrase","Create new phrase","Create new phrase"
"Create phrase","Create phrase","Create phrase"
"Created at","Created at","Created at"
"Default language can't be deleted","Default language can't be deleted","Default language can't be deleted"
"Default language can't be disabled","Default language can't be disabled","Default language can't be disabled"
"Default language must be specified","Default language must be specified","Default language must be specified"
"Do not copy translations","Do not copy translations","Do not copy translations"
"Edit {Language} language","Edit {Language} language","Edit {Language} language"
"Edit phrase","Edit phrase","Edit phrase"
"Existing translations","Existing translations","Existing translations"
Export,Export,Export
"Export Translation","Export Translation","Export Translation"
"Find phrase/translation","Find a phrase/translation","Find a phrase/translation"
"Forced import","Forced import","Forced import"
"Ignoring file {File} because it's not a csv file","Ignoring file {File} because it's not a csv file","Ignoring file {File} because it's not a csv file"
Import,Import,Import
"Import Translation","Import Translation","Import Translation"
"Incorrect Language ID format","Incorrect Language ID format","Incorrect Language ID format"
"Invalid category name","Invalid category name","Invalid category name"
"Invalid format of {Row} row in {Category} category","Invalid format of {Row} row in {Category} category","Invalid format of {Row} row in {Category} category"
"Is Default","Is Default","Is Default"
"Is Enabled","Is Enabled","Is Enabled"
Language,Language,Language
"Language ID","Language ID","Language ID"
"Make copy","Make copy","Make copy"
"Manage existing languages","Manage Languages","Manage Languages"
"Manage Translations","Manage Translations","Manage Translations"
"Manage translations in {Category} category","Manage translations in {Category} category","Manage translations in {Category} category"
"Missing translation for {Language}","Missing translation for {Language}","Missing translation for {Language}"
"Missing translations","Missing translations","Missing translations"
"New category","New category","New category"
"New language {Language} has been created","New language {Language} has been created","New language {Language} has been created"
"New phrase has been created","New phrase has been created","New phrase has been created"
Phrase,Phrase,Phrase
"Phrase has been translated","Phrase has been translated","Phrase has been translated"
"Please choose language you want to export","Please choose language you want to export","Please choose language you want to export"
Search,Search,Search
"The category {Category} has already been taken","The category {Category} has already been taken","The category {Category} has already been taken"
"The language {Language} doesn't exists in the system","The language {Language} doesn't exists in the system","The language {Language} doesn't exists in the system"
"The language doesn't exists","The language doesn't exists","The language doesn't exists"
"The language must contain at least one category","The language must contain at least one category","The language must contain at least one category"
"The phrase with ID {ID} doesn't exists","The phrase with ID {ID} doesn't exists","The phrase with ID {ID} doesn't exists"
"This means that if there is a phrase translation it will be replaced","This means that if there is a phrase translation it will be replaced","This means that if there is a phrase translation it will be replaced"
"This phrase already exists in {Category} category","This phrase already exists in {Category} category","This phrase already exists in {Category} category"
"Translate phrase","Translate phrase","Translate phrase"
Translation,Translation,Translation
"Translations for {Language} language have been imported","Translations for {Language} language have been imported","Translations for {Language} language have been imported"
"Unable to create stream from {File} file","Unable to create stream from {File} file","Unable to create stream from {File} file"
"You are able upload only ZIP file","You are able upload only ZIP file","You are able upload only ZIP file"
"You need to install ZipArchive package","You need to install ZipArchive package","You need to install ZipArchive package"
"Zip file (translations)","Zip file (translations)","Zip file (translations)"
