phrase,source_en,translation
"{Brandname} administration","{Brandname} administration","{Brandname} administration"
"Dear {Name}","Dear {Name}","Dear {Name}"
"Forgot password?","Forgot password?","Forgot password?"
"Please, do not reply to this message","Please, do not reply to this message","Please, do not reply to this message"
Regards,Regards,Regards
"Thank you for registration","Thank you for registration","Thank you for registration"
"Thank you for registration at {BranUrl}. Click here: {VerifyUrl}","Thank your for your registration at {BranUrl}. To activate your account please follow this link: {VerifyUrl}","Thank your for your registration at {BranUrl}. To activate your account please follow this link: {VerifyUrl}"
"To reset password open following link: {RecoveryLink} and enter new password.","To reset password open following link: {RecoveryLink} and enter new password.","To reset password open following link: {RecoveryLink} and enter new password."
"We've received a request from you to reset a password. If you didn't do it, then just ignore this message.","We've received a request from you to reset a password. If you didn't do it, then just ignore this message.","We've received a request from you to reset a password. If you didn't do it, then just ignore this message."
"You got new message!","You got new message!","You got new message!"
"You've received new message from {Name}. Open following link to see a message: {messageLink}","You've received new message from {Name}. Open following link to see a message: {messageLink}","You've received new message from {Name}. Open following link to see a message: {messageLink}"
