phrase,source_en,translation
"{BrandName} | Atom feed","{BrandName} | Atom feed","{BrandName} | Atom feed"
"{BrandName} | RSS feed","{BrandName} | RSS feed","{BrandName} | RSS feed"
"{NumberOfMsg} Messages","{NumberOfMsg} Messages","{NumberOfMsg} Messages"
"Added at","Added at","Added at"
All,All,All
"Are you sure you want to delete this item?","Are you sure you want to delete this item?","Are you sure you want to delete this item?"
Atom,Atom,Atom
"Buy Websites","Buy Websites","Buy Websites"
"Click here","Click here","Click here"
Create,Create,Create
Delete,Delete,Delete
"Developed by {Developer}","Developed by {Developer}","Developed by {Developer}"
"Displaying {start}-{end} of {count} results.","Displaying {start}-{end} of {count} results.","Displaying {start}-{end} of {count} results."
Edit,Edit,Edit
"Hello, {Username}","Hello, {Username}","Hello, {Username}"
Home,Home,Home
ID,ID,ID
Inbox,Inbox,Inbox
Language,Language,Language
Logout,Logout,Logout
"Not on sale","Not on sale","Not on sale"
"Nothing found","Nothing found","Nothing found"
"On sale","On sale","On sale"
Optional,Optional,Optional
OR,OR,OR
page_privacy_link,"Privacy Policy","Privacy Policy"
page_terms_link,"Terms and Conditions","Terms and Conditions"
"Please choose category","Please choose category","Please choose category"
"Remove all records","Remove all records","Remove all records"
RSS,RSS,RSS
"See all messages","See all messages","See all messages"
"Sell Websites","Sell Websites","Sell Websites"
Settings,Settings,Settings
"Sign in","Sign in","Sign in"
Submit,Submit,Submit
"Toggle navigation","Toggle navigation","Toggle navigation"
Top,Top,Top
Upcoming,Upcoming,Upcoming
Update,Update,Update
"Verification code","Verification code","Verification code"
View,View,View
