phrase,source_en,translation
"Action ""{action}"" does not exist in ""{controller}"".","Action ""{action}"" does not exist in ""{controller}"".","Action ""{action}"" does not exist in ""{controller}""."
"All records have been removed","All records have been removed","All records have been removed"
"An error has occurred while trying to confirm your email. Please try again later.","An error has occurred while trying to confirm your email. Please try again later.","An error has occurred while trying to confirm your email. Please try again later."
"An error occurred while sending email","An error occurred while sending email","An error occurred while sending email"
"An internal error occurred. Please try again later","An internal error occurred. Please try again later","An internal error occurred. Please try again later"
Attention!,Attention!,Attention!
"Email has been sent","Email has been sent","Email has been sent"
"Please, use mail client which support HTML markup","Please, use mail client which support HTML markup","Please, use mail client which support HTML markup"
"Record has been deleted","Record has been deleted","Record has been deleted"
"Record has been successfully modified","Record has been successfully modified","Record has been successfully modified"
"Server temporarily unavailable. Please, try to register a little bit later","Server temporarily unavailable. Please, try to register a little bit later","Server temporarily unavailable. Please, try to register a little bit later"
"Server temporarily unavailable. Try again later.","Server temporarily unavailable. Try again later.","Server temporarily unavailable. Try again later."
"The page you are looking for doesn't exists","The page you are looking for doesn't exist","The page you are looking for doesn't exist"
"The token is expired or does not valid. Please, try to register new account","The token is expired or does not valid. Please, try to register new account","The token is expired or does not valid. Please, try to register new account"
"Unable to find user in database","Unable to find user in database","Unable to find user in database"
"We've sent you email with instructions. Please check your inbox","We've sent you email with instructions. Please check your inbox","We've sent you email with instructions. Please check your inbox"
