phrase,source_en,translation
"{Many} days ago","{Many} days ago","{Many} days ago"
"{Many} hours ago","{Many} hours ago","{Many} hours ago"
"{Many} minutes ago","{Many} minutes ago","{Many} minutes ago"
"{Many} months ago","{Many} months ago","{Many} months ago"
"{Many} years ago","{Many} years ago","{Many} years ago"
"{One} day ago","{One} day ago","{One} day ago"
"{One} hour ago","{One} hour ago","{One} hour ago"
"{One} minute ago","{One} minute ago","{One} minute ago"
"{One} month ago","{One} month ago","{One} month ago"
"{One} year ago","{One} year ago","{One} year ago"
Action,Action,Action
"Back to Inbox","Back to inbox","Back to inbox"
"Block Sender","Block Sender","Block Sender"
"Blocked at","Blocked at","Blocked at"
"Blocked users","Blocked users","Blocked users"
Chat,Chat,Chat
"Chat with {Username}","Chat with {Username}","Chat with {Username}"
"Completely remove","Completely remove","Completely remove"
folder_important,Important,Important
folder_inbox,Inbox,Inbox
folder_sent,"Sent Items","Sent Items"
folder_starred,Starred,Starred
folder_trash,Trash,Trash
I'm,I'm,I'm
"Just now","Just now","Just now"
Loading...,Loading...,Loading...
"Mark as Important","Mark as Important","Mark as Important"
"Mark as Read","Mark as Read","Mark as Read"
"Mark as Starred","Mark as Starred","Mark as Starred"
Message,Message,Message
"Message has been sent","Message has been sent","Message has been sent"
"Messages have been completely removed","Messages have been completely removed","Messages have been completely removed"
"Messages have been restored","Messages have been restored","Messages have been restored"
"Move to Trash","Move to Trash","Move to Trash"
"My messages","My messages","My messages"
New,New,New
"New message","New message","New message"
Refresh,Refresh,Refresh
"Remove from Important folder","Remove from Important folder","Remove from Important folder"
"Remove from Starred folder","Remove from Starred folder","Remove from Starred folder"
"Removed from sale","Removed from sale","Removed from sale"
"Restore from Trash folder","Restore from Trash folder","Restore from Trash folder"
Scammer!,Scammer!,Scammer!
"Selected messages has been marked as Important","Selected messages has been marked as Important","Selected messages has been marked as Important"
"Selected messages have been marked as read","Selected messages have been marked as read","Selected messages have been marked as read"
"Selected messages have been moved to Starred folder","Selected messages have been moved to Starred folder","Selected messages have been moved to Starred folder"
"Selected messages have been moved to trash folder","Selected messages have been moved to trash folder","Selected messages have been moved to trash folder"
"Selected messages have been removed from Important folder","Selected messages have been removed from Important folder","Selected messages have been removed from Important folder"
"Selected messages have been removed from Starred folder","Selected messages have been removed from Starred folder","Selected messages have been removed from Starred folder"
"Send message","Send message","Send message"
"The website has been sold or removed from sales.","The website has been sold or removed from sales.","The website has been sold or removed from sales."
"This user has blocked you","This user has blocked you","This user has blocked you"
"Type your message here...","Type your message here...","Type your message here..."
"Unauthorized users can not send messages","Unauthorized users can not send messages","Unauthorized users can not send messages"
Unblock,Unblock,Unblock
"User has been blocked","User has been blocked","User has been blocked"
"User has been blocked and marked as a spammer","User has been blocked and marked as a spammer","User has been blocked and marked as a spammer"
"User has been unblocked","User has been unblocked","User has been unblocked"
"You are forbidden to send messages","You are forbidden to send messages","You are forbidden to send messages"
"You can't send message to yourself","You can't send message to yourself","You can't send message to yourself"
"You have blocked this user. {Click here} to unblock","You have blocked this user. {Click here} to unblock","You have blocked this user. {Click here} to unblock"
