phrase,source_en,translation
"{Portal} allows people you to sell your website.","{Portal} allows people you to sell your website or domain name and allow people contact with you who may interest with your website/domain.","{Portal} allows people you to sell your website or domain name and allow people contact with you who may interest with your website/domain."
"After analysis and calculation of your website price done, click ""Sell my website/domain""","After analysis and calculation of your website price done, click ""Sell my website/domain"" link under Widgets section. Or click Dashboard link on the menu.","After analysis and calculation of your website price done, click ""Sell my website/domain"" link under Widgets section. Or click Dashboard link on the menu."
"And wait for people contact with you.","And wait for people contact with you. If anybody interesting with your website/domain name, you will receive an e-mail from your potential buyer including his/her contact information.","And wait for people contact with you. If anybody interesting with your website/domain name, you will receive an e-mail from your potential buyer including his/her contact information."
"Check websites and domains on sale","Check websites and domains on sale","Check websites and domains on sale"
"Check your domain/website listed on {Buy Websites} page","Check your domain/website listed on {Buy Websites} page.","Check your domain/website listed on {Buy Websites} page."
"Check your website/domain on {Portal}","Check your website/domain on {Portal} (Open {Portal} home page and write your website/domain name then click ""Calculate"").","Check your website/domain on {Portal} (Open {Portal} home page and write your website/domain name then click ""Calculate"")."
"Do you want to sell your website, sell your domain name?","Do you want to sell your website, sell your domain name?","Do you want to sell your website, sell your domain name?"
"Register/Login to {Portal}","Register/Login to {Portal}.","Register/Login to {Portal}."
"Sale instruction description","How to sell my website or domain on {Portal}","How to sell my website or domain on {Portal}"
"Sale instruction page keywords","sell domain,sell website,sell website for free,sell domain for free,sell my domain,sell my website","sell domain,sell website,sell website for free,sell domain for free,sell my domain,sell my website"
"Sell Websites - Sell Domains","Sell Websites - Sell Domains","Sell Websites - Sell Domains"
"Site Verification page opens","Site Verification page opens. Put the HTML code on your website main(root) page and enter the information that asked. And click ""Verify"" button. If verification done succesfully then fill out the form and your website/domain started to sell on {Portal}.","Site Verification page opens. Put the HTML code on your website main(root) page and enter the information that asked. And click ""Verify"" button. If verification done succesfully then fill out the form and your website/domain started to sell on {Portal}."
"To tell people that you may sell your website or sell domain","To tell people that you may sell your website or sell domain name with a good offer follow this easy instructions.","To tell people that you may sell your website or sell domain name with a good offer follow this easy instructions."
