phrase,source_en,translation
Category,Category,Category
"Congratulations. Your website/domain is on sale","Congratulations. Your website/domain is on sale","Congratulations. Your website/domain is on sale"
Domain/Website,Domain/Website,Domain/Website
Field,Field,Field
"Fill out the form","Fill out the form","Fill out the form"
"Information has been updated","Information has been updated","Information has been updated"
"Insert widget on your main page and click ""verify"" button. Feel free to modify HTML/CSS, but leave do follow link.","Insert widget on your main page and click ""verify"" button. Feel free to modify HTML/CSS, but leave do follow link.","Insert widget on your main page and click ""verify"" button. Feel free to modify HTML/CSS, but leave do follow link."
"My Websites/Domains on Sale","My Websites/Domains on Sale","My Websites/Domains on Sale"
"Nothing is sold","Nothing is for sale","Nothing is for sale"
"Put up for sale","Put up for sale","Put up for sale"
"Remove from sale","Remove from sale","Remove from sale"
"Sell Website/Domain","Sell Website/Domain","Sell Website/Domain"
"The website is already on sale","The website is already on sale","The website is already on sale"
"The widget has been found","The widget has been found","The widget has been found"
"The widget has not been found","The widget has not been found","The widget has not been found"
Value,Value,Value
Verify,Verify,Verify
"Visit website","Visit website","Visit website"
"Website {Domain} has been removed from sale","Website {Domain} has been removed from sale","Website {Domain} has been removed from sale"
