phrase,source_en,translation
"Complain date","Complain date","Complain date"
Legend,Legend,Legend
"Prevent {Scammer} from sending letters","Prevent {Scammer} from sending letters","Prevent {Scammer} from sending letters"
"Scam reports","Scam reports","Scam reports"
Scammer,Scammer,Scammer
Sender,Sender,Sender
"Sent at","Sent at","Sent at"
"The dialog between {Sender} and {Scammer}","The dialog between {Sender} and {Scammer}","The dialog between {Sender} and {Scammer}"
"User has been restricted","User has been restricted","User has been restricted"
"View dialog","View dialog","View dialog"
