phrase,source_en,translation
"Access denied","Access denied","Access denied"
"Index page description","How much is a website price? {Portal} is a free website worth calculator and domain value estimator. You Can Sell and Buy Websites and Domain names with no cost.","How much is a website price? {Portal} is a free website worth calculator and domain value estimator. You Can Sell and Buy Websites and Domain names with no cost."
"Index page keywords","buy website,domain estimator,domain valuation,domain value,domain value calculator,domain value estimator,domain worth,how much is my website worth,price website,sell website,site price,site value,site value calculator,site worth,value my website,value of a website,web worth,website calculator,website price,website price calculator,website valuation,website value,website value calculator,website value checker,website value estimator,website worth,website worth calculator,website worth checker,what is my domain worth,what is my website worth,worth of web,worth of website","buy website,domain estimator,domain valuation,domain value,domain value calculator,domain value estimator,domain worth,how much is my website worth,price website,sell website,site price,site value,site value calculator,site worth,value my website,value of a website,web worth,website calculator,website price,website price calculator,website valuation,website value,website value calculator,website value checker,website value estimator,website worth,website worth calculator,website worth checker,what is my domain worth,what is my website worth,worth of web,worth of website"
"Index page title","Get website cost online","Get website cost online"
"Internal server error","Internal server error","Internal server error"
"Learn more","Learn more","Learn more"
OK,OK,OK
"Page not found","Page not found","Page not found"
"This website uses cookies to ensure you get the best experience on our website.","This website uses cookies to ensure you get the best experience on our website.","This website uses cookies to ensure you get the best experience on our website."
