phrase,source_en,translation
"{Click here} if you already have an account and just need to login.","{Click here} if you already have an account and just need to login.","{Click here} if you already have an account and just need to login."
"A confirmation email has been sent on {ConfirmationEmail}","A confirmation email has been sent on {ConfirmationEmail}. Please go to your inbox now, open the email and click on activation link.","A confirmation email has been sent on {ConfirmationEmail}. Please go to your inbox now, open the email and click on activation link."
Active,Active,Active
Administrator,Administrator,Administrator
"Allow send messages","Allow send messages","Allow send messages"
Blocked,Blocked,Blocked
"Can send message","Can send message","Can send message"
"Change Password Form","Change Password Form","Change Password Form"
"Confirmed Email","Confirmed Email","Confirmed Email"
Congratulations!,Congratulations!,Congratulations!
"Create an account","Create an account","Create an account"
"Create User","Create User","Create User"
"Creating a {InstalledUrl} account is fast, easy, and free","Creating a {InstalledUrl} account is fast, easy, and free","Creating a {InstalledUrl} account is fast, easy, and free"
"Delete user","Delete user","Delete user"
Deleted,Deleted,Deleted
"Don't have an account yet? {Sign up now}!","Don't have an account yet? {Sign up now}!","Don't have an account yet? {Sign up now}!"
"Edit user data","Edit user data","Edit user data"
Email,Email,Email
"Email confirmation","Email confirmation","Email confirmation"
Field,Field,Field
"Forgot password instruction","You forgot your password? No big deal. Give us your email address and we will send you you a message with some simple instructions to reset it. You will have to click the link in the email we send in order to reset your password.","You forgot your password? No big deal. Give us your email address and we will send you you a message with some simple instructions to reset it. You will have to click the link in the email we send in order to reset your password."
"Forgot your password?","Forgot your password?","Forgot your password?"
"Go check your email and confirm RIGHT NOW","Go check your email and confirm RIGHT NOW","Go check your email and confirm RIGHT NOW"
"I have read and accept the {Terms and Conditions}","I have read and accept the {Terms and Conditions}","I have read and accept the {Terms and Conditions}"
"Incorrect old password","Incorrect old password","Incorrect old password"
"Invalid email or password","Invalid email or password","Invalid email or password"
"Last login at","Last login at","Last login at"
"Last login IP Address","Last login IP Address","Last login IP Address"
"Login Form","Login Form","Login Form"
"Manage Users","Manage Users","Manage Users"
"Modified at","Modified at","Modified at"
"Need an account?","Need an account?","Need an account?"
"Old password","Old password","Old password"
"or wait, I remember!","or wait, I remember!","or wait, I remember!"
Password,Password,Password
"Password has been changed","Password has been changed","Password has been changed"
"Password recovery","Password recovery","Password recovery"
"Passwords do not match","Passwords do not match","Passwords do not match"
"Please Sign In","Please Sign In","Please Sign In"
"Profile Settings","Profile Settings","Profile Settings"
Re-Password,Re-Password,Re-Password
"Register Form","Register Form","Register Form"
"Register new account","Register new account","Register new account"
"Registered at","Registered at","Registered at"
"Registered IP","Registered IP","Registered IP"
"Registration at {InstalledUrl}","Registration at {InstalledUrl}","Registration at {InstalledUrl}"
"Remember me","Remember me","Remember me"
"Reset password","Reset password","Reset password"
Root,Root,Root
"Set new password","Set new password","Set new password"
"Sign in","Sign in","Sign in"
"Sign up","Sign up","Sign up"
"Sign up now","Sign up now","Sign up now"
"The password has been changed. Use new password to login","The password has been changed. Use new password to login","The password has been changed. Use new password to login"
Unknown,Unknown,Unknown
User,User,User
"User has {CountOnSale} website(-s) on sale","User has {CountOnSale} website(-s) on sale","User has {CountOnSale} website(-s) on sale"
"User has been blocked or deleted","User has been blocked or deleted","User has been blocked or deleted"
"User has been created","User has been created","User has been created"
"User has been deleted","User has been deleted","User has been deleted"
"User Inbox","User inbox","User inbox"
"User info","User info","User info"
"User role","User role","User role"
"User status","User status","User status"
Username,Username,Username
Value,Value,Value
"Verification code","Verification code","Verification code"
"We didn't find such email address","We didn't find such email address","We didn't find such email address"
"We have sent you confirmation email. Please confirm it","We have sent you confirmation email. Please confirm it","We have sent you confirmation email. Please confirm it"
"You have been disconnected from the session","You have been disconnected from the session","You have been disconnected from the session"
"You have successfully confirmed your email address.","You have successfully confirmed your email address.","You have successfully confirmed your email address."
