phrase,source_en,translation
"{NumOfWebsites} total website price calculated","{NumOfWebsites} total website price calculated.","{NumOfWebsites} total website price calculated."
"{Percent} of sites are faster","{Percent} of sites are faster","{Percent} of sites are faster"
"{Percent} of sites are slower","{Percent} of sites are slower","{Percent} of sites are slower"
"{Seconds} Seconds","{Seconds} Seconds","{Seconds} Seconds"
"{Website} worth is {Cost}","{Website} worth is {Cost}","{Website} worth is {Cost}"
"Add to catalog. Free","Add to catalog. Free","Add to catalog. Free"
"Alexa Rank","Alexa Rank","Alexa Rank"
"Alexa Stats","Alexa Stats","Alexa Stats"
"Antivirus Stats","Antivirus Stats","Antivirus Stats"
AVG,AVG,AVG
"Basic information","Basic information","Basic information"
"Bing Index","Bing Index","Bing Index"
Calculate,Calculate,Calculate
"Catalog Stats","Catalog Stats","Catalog Stats"
City,City,City
"Click count","Click count","Click count"
Coins,Coins,Coins
"Comment count","Comment count","Comment count"
"Comment plugin count","Comment plugin count","Comment plugin count"
"Contact seller","Contact seller","Contact seller"
"Could not reach host: {Host}","Could not reach host: {Host}","Could not reach host: {Host}"
Country,Country,Country
"Daily Ads Revenue","Daily Ads Revenue","Daily Ads Revenue"
"Daily Global Rank Trend","Daily Global Rank Trend","Daily Global Rank Trend"
"Daily Pageviews","Daily Pageviews","Daily Pageviews"
"Daily Reach (Percent)","Daily Reach (Percent)","Daily Reach (Percent)"
"Daily Unique Visitors","Daily Unique Visitors","Daily Unique Visitors"
Description,Description,Description
Dmoz,Dmoz,Dmoz
Domain,Domain,Domain
"Domain Authority","Domain Authority","Domain Authority"
"Domain Authority Description","Domain authority is a metric, developed by SEOMoz, to predict the ability of a website / domain to rank in search engines. Domain authority uses a 0 to 100 logarithmic scale. A high Domain authority score means your complete website / all the pages on your domain have the potential to rank well in search engine results.","Domain authority is a metric, developed by SEOMoz, to predict the ability of a website / domain to rank in search engines. Domain authority uses a 0 to 100 logarithmic scale. A high Domain authority score means your complete website / all the pages on your domain have the potential to rank well in search engine results."
"Domain name","Domain name","Domain name"
"Estimate other website","Estimate other website","Estimate other website"
"Estimate Price","Estimate Price","Estimate Price"
"Estimated Daily Stats","Estimated Daily Stats","Estimated Daily Stats"
"Estimated Data Analytics","Estimated Data Analytics","Estimated Data Analytics"
"Estimated Monthly Stats","Estimated Monthly Stats","Estimated Monthly Stats"
"Estimated website cost of any domain","Estimated website cost of any domain.","Estimated website cost of any domain."
"Estimated worth","Estimated worth","Estimated worth"
"Estimated Yearly Stats","Estimated Yearly Stats","Estimated Yearly Stats"
"Explore more","Explore more","Explore more"
"Facebook Stats","Facebook Stats","Facebook Stats"
Failed,Failed,Failed
"Get code","Get code","Get code"
"Get website review","Get website review","Get website review"
"Get widget","Get widget","Get widget"
"Get widget / Sale website","Get widget / Sale website","Get widget / Sale website"
"Global Rank","Global Rank","Global Rank"
Google,Google,Google
"Google Backlinks","Google Backlinks","Google Backlinks"
"Google Index","Google Index","Google Index"
Gplus+,Gplus+,Gplus+
Grid,Grid,Grid
"Has Estimated Worth of","Has Estimated Worth of","Has Estimated Worth of"
"How much {Website} is worth?","How much {Website} is worth?","How much {Website} is worth?"
"IP Address","IP Address","IP Address"
"Is On Sale","Is On Sale","Is On Sale"
Keywords,Keywords,Keywords
Latitude,Latitude,Latitude
"Leave empty input","Leave empty input","Leave empty input"
"Like count","Like count","Like count"
Likes,Likes,Likes
LinkedIn,LinkedIn,LinkedIn
"Links in","Links in","Links in"
List,List,List
"List of upcoming websites. Page {PageNr}","List of upcoming websites. Page {PageNr}","List of upcoming websites. Page {PageNr}"
"Load speed","Load speed","Load speed"
"Local Rank","Local Rank","Local Rank"
"Location Stats","Location Stats","Location Stats"
Longitude,Longitude,Longitude
"Manage Websites","Manage Websites","Manage Websites"
McAfee,McAfee,McAfee
"Monthly Ads Revenue","Monthly Ads Revenue","Monthly Ads Revenue"
"Monthly page view","Monthly page view","Monthly page view"
"Monthly Pageviews","Monthly Pageviews","Monthly Pageviews"
"Monthly revenue","Monthly revenue","Monthly revenue"
"Monthly Unique Visitors","Monthly Unique Visitors","Monthly Unique Visitors"
"More actions","More actions","More actions"
"MOZ Links","MOZ Links","MOZ Links"
"MOZ Links Description","The number of links in MOZ to the URL","The number of links in MOZ to the URL"
Norton,Norton,Norton
Notes,Notes,Notes
"Number of websites","Number of websites","Number of websites"
"Page Authority","Page Authority","Page Authority"
"Page Authority Description","Page authority is a metric, developed by SEOMoz, to predict the ability for a specific page to rank in search engines. Page authority uses a 0 to 100 logarithmic scale. A high Page authority score means your page has the potential to rank well in search engine results.","Page authority is a metric, developed by SEOMoz, to predict the ability for a specific page to rank in search engines. Page authority uses a 0 to 100 logarithmic scale. A high Page authority score means your page has the potential to rank well in search engine results."
"Page Rank",PageRank,PageRank
Pins,Pins,Pins
"Re-Calculate estimate price","Re-Calculate estimate price","Re-Calculate estimate price"
"Reaction count","Reaction count","Reaction count"
Region,Region,Region
"Related Keywords","Related Keywords","Related Keywords"
"Remove website","Remove website","Remove website"
"Remove website from sale","Remove website from sale","Remove website from sale"
"Review average","Review average","Review average"
"Review count","Review count","Review count"
"Sale Website","Sale Website","Sale Website"
"Sales Information","Sales Information","Sales Information"
"Search Engine Stats","Search Engine Stats","Search Engine Stats"
"Search Traffic","Search Traffic","Search Traffic"
"Seller has blocked you","Seller has blocked you","Seller has blocked you"
"Selling price","Selling price","Selling price"
"Share count","Share count","Share count"
"Show Your Visitors Your Website Value","Show Your Visitors Your Website Value","Show Your Visitors Your Website Value"
"Similar Websites","Similar Websites","Similar Websites"
"Site Price calculated at: {Time}","Site Price calculated at: {Time}","Site Price calculated at: {Time}"
"Social Stats","Social Stats","Social Stats"
Stumbleupon,Stumbleupon,Stumbleupon
Success,Success,Success
"The website's estimated price has been recalculated. {Click here} to see a result","The website's estimated price has been recalculated. {Click here} to see a result","The website's estimated price has been recalculated. {Click here} to see a result"
"This website is on sale","This website is on sale","This website is on sale"
Title,Title,Title
"TOP by Cost","TOP by Cost","TOP by Cost"
"TOP by Countries","TOP by Countries","TOP by Countries"
"TOP by PageRank","TOP by PageRank","TOP by PageRank"
"Top websites by countries. Diagram. Page {PageNr}","Top websites by countries. Diagram. Page {PageNr}","Top websites by countries. Diagram. Page {PageNr}"
"Top websites by PageRank. Diagram","Top websites by PageRank. Diagram","Top websites by PageRank. Diagram"
"Top websites by price. Page {PageNr}","Top websites by cost. Page {PageNr}","Top websites by cost. Page {PageNr}"
"Top websites having {PageRank} PageRank. Page {PageNr}","Top websites having {PageRank} PageRank. Page {PageNr}","Top websites having {PageRank} PageRank. Page {PageNr}"
"Top websites in {Country}. Page {PageNr}","Top websites in {Country}. Page {PageNr}","Top websites in {Country}. Page {PageNr}"
"Total count","Total count","Total count"
Twitter,Twitter,Twitter
"Unique monthly visitors","Unique monthly visitors","Unique monthly visitors"
"View website info","View website info","View website info"
"Webmaster info","Webmaster info","Webmaster info"
Website,Website,Website
"Website {Website} has been removed from sale","Website {Website} has been removed from sale","Website {Website} has been removed from sale"
"Website cost","Website cost","Website cost"
"website description","{Website} worth is {Cost}","{Website} worth is {Cost}"
"Website has been deleted","Website has been deleted","Website has been deleted"
"website keywords","{Website} price, {Website} worth, {Website} estimate price, {Website} estimate cost, {Website} estimate worth","{Website} price, {Website} worth, {Website} estimate price, {Website} estimate cost, {Website} estimate worth"
"Website owner? {Sale Website}!","Website owner? {Sale Website}!","Website owner? {Sale Website}!"
WHOIS,WHOIS,WHOIS
Yahoo,Yahoo,Yahoo
"Yahoo Index","Yahoo Index","Yahoo Index"
"Yearly Ads Revenue","Yearly Ads Revenue","Yearly Ads Revenue"
"Yearly Pageviews","Yearly Pageviews","Yearly Pageviews"
"Yearly Unique Visitors","Yearly Unique Visitors","Yearly Unique Visitors"
"You have blocked this user. {Click here} to unblock","You have blocked this user. {Click here} to unblock","You have blocked this user. {Click here} to unblock"
"You should login to contact seller","You should login to contact seller","You should login to contact seller"
