phrase,source_en,translation
"Admin panel","Admin panel",Administration
"Bulk Import","Bulk Import",Massenimport
Dashboard,Dashboard,Dashboard
"Flush cache","Flush cache","Cache leeren"
Localization,Localization,Lokalisierung
No,No,Nein
"Run garbage collector","Run garbage collector","Müllsammler starten"
"Run widget checker","Run widget checker","Widgetüberprüfung starten"
"Sitemap generation","Sitemap generation","Sitemap erstellen"
"There are {NumOfScam} complaints of fraud. {Click here} to take an action.","There are {NumOfScam} complaints of fraud. {Click here} to take an action.","Es ist/sind {NumOfScam} Bescherde/n wegen Betrug eingegangen. {Click here} um eine Aktion zu starten."
Tools,Tools,Werkzeuge
"We have {NumOfMissingTrans} missing translations. {Click here} to find out more.","We have {NumOfMissingTrans} missing translations. {Click here} to find out more.","Wir haben {NumOfMissingTrans} fehlende Übersetzungen. {Click here} um mehr zu erfahren."
"Welcome back, {Username}","Welcome back, {Username}","Willkommen zurück, {Username}"
Yes,Yes,Ja
"You are using administration rights over {Username}","You are using administration rights over {Username}","Sie nutzen Administratorenrechte oberhalb {Username}"
