phrase,source_en,translation
"Ascending order","Ascending order","Aufsteigende Sortierung"
Category,Category,Kategorie
"Category has been created","Category has been created","Kategorie wurde erstellt"
"Category Translation","Category Translation",Kategorieübersetzung
"Create Category","Create Category","Kategorie erstellen"
"Create translation","Create translation","Erstelle Übersetzung"
"Descending order","Descending order","Absteigende Sortierung"
"Edit category","Edit category","Kategorie bearbeiten"
"Is sold since","On sale since","Ist verkauft seit"
"Manage Categories","Manage Categories","Kategorien verwalten"
"Selling date","Selling date",Verkaufsdatum
Slug,Slug,Slug
"Sort by","Sort by","Sortiert nach"
"Translation for this language already exists. {Update translation}","Translation for this language already exists. {Update translation}","Übersetzung für diese Sprache existiert bereits. {Update translation}"
"Translation has been created","Translation has been created","Übersetzung wurde erstellt"
"Translation has been deleted","Translation has been deleted","Übersetzung wurde gelöscht"
"Translation has been updated","Translation has been updated","Übersetzung wurde aktualisiert"
"Update translation","Update translation","Aktualisiere Übersetzung"
"Websites in the category {Category}. Page {PageNr}","Websites in the category {Category}. Page {PageNr}","Webseiten in der Kategorie {Category}. Seite {PageNr}"
"Websites on sale. Page {PageNr}","Websites on sale. Page {PageNr}","Webseite die zum Verkauf stehen. Seite {PageNr}"
