phrase,source_en,translation
Body,Body,Nachricht
"Contact page description","We are ready to assist you with any questions or problems you may have. Please fill out following form to contact us by e-mail.","Wir stehen für alle Anfragen und Probleme zur Verfügung. Bitte füllen Sie das nachfolgende Formular aus um uns via Email zu kontaktieren."
"Contact page keywords","{Portal} contact form, contact {Portal}","{Portal} Kontaktformular, Kontakt {Portal}"
"Contact us","Contact us","Kontaktieren Sie uns"
Email,Email,Email
Name,Name,Name
Subject,Subject,Betreff
