phrase,source_en,translation
"Calculation Error Code 102","Couldn't grab html from website","HTML konnte nicht von Webseite übernommen werden"
"Calculation Error Code 103","Website contains badwords","Webseite beinhaltet unlesbare Wörter"
"Calculation Error Code 201","Error while inserting data","Fehler beim Einlesen der Daten"
"Calculation Error Code 202","Error while updating data","Fehler beim Aktualisieren der Daten"
"Sitemap error code 101","Make sure ""sitemap"" directory and ""sitemap.xml"" file has writable permissions","Stellen Sie sicher, dass ""sitemap"" Pfad und die ""sitemap.xml"" Datei Schreibrechte besitzen."
