phrase,source_en,translation
"Any category","Any category","Beliebige Kategorie"
"Any language","Any language","Beliebige Sprache"
"Can't close temporary file","Can't close temporary file","Temporäre Datei kann nicht geschlossen werden"
"Can't create temporary file","Can't create temporary file","Temporäre Datei kann nicht erstellt werden"
"Category name","Category name",Kategoriename
"Choose any category","Choose any category","Eine beliebige Kategorie wählen"
"Choose any language","Choose any language","Eine beliebige Sprache wählen"
"Couldn't open zip archive","Couldn't open zip archive","Kann .zip Archiv nicht öffnen"
"Create Language","Create Language","Sprache erstellen"
"Create new Language","Create new Language","Neue Sprache erstellen"
"Create new phrase","Create new phrase","Neue Phrase erstellen"
"Create phrase","Create phrase","Phrase erstellen"
"Created at","Created at","Erstellt am"
"Default language can't be deleted","Default language can't be deleted","Voreingestellte Sprache kann nicht gelöscht werden"
"Default language can't be disabled","Default language can't be disabled","Voreingestellte Sprache kann nicht deaktiviert werden"
"Default language must be specified","Default language must be specified","Voreingestellte Sprache muss spezifiziert werden"
"Do not copy translations","Do not copy translations","Übersetzungen nicht kopieren"
"Edit {Language} language","Edit {Language} language","{Language} bearbeiten"
"Edit phrase","Edit phrase","Phrase bearbeiten"
"Existing translations","Existing translations","Vorhandene Übersetzungen"
Export,Export,Exportieren
"Export Translation","Export Translation","Sprache exportieren"
"Find phrase/translation","Find a phrase/translation","Suche Phrase/Übersetzung"
"Forced import","Forced import","Zugewiesener Import"
"Ignoring file {File} because it's not a csv file","Ignoring file {File} because it's not a csv file","Datei {File} wurde nicht angenommen, da keine .csv Datei"
Import,Import,Importieren
"Import Translation","Import Translation","Übersetzung importieren"
"Incorrect Language ID format","Incorrect Language ID format","Falsches Sprach-ID Format"
"Invalid category name","Invalid category name","Ungültiger Kategoriename"
"Invalid format of {Row} row in {Category} category","Invalid format of {Row} row in {Category} category","Ungültiges Format für {Row} Reihe in {Category} Kategorie"
"Is Default","Is Default","Ist voreingestellt"
"Is Enabled","Is Enabled","Ist aktiviert"
Language,Language,Sprache
"Language ID","Language ID",Strach-ID
"Make copy","Make copy","Kopie erstellen"
"Manage existing languages","Manage Languages","Sprachen verwalten"
"Manage Translations","Manage Translations","Übersetzungen verwalten"
"Manage translations in {Category} category","Manage translations in {Category} category","Sprachen in Kategorie {Category} verwalten"
"Missing translation for {Language}","Missing translation for {Language}","Fehlende übersetzung für {Langage}"
"Missing translations","Missing translations","Fehlende Übersetzungen"
"New category","New category","Neue Kategorie"
"New language {Language} has been created","New language {Language} has been created","Neue Sprache - {Language} - wurde erstellt"
"New phrase has been created","New phrase has been created","Neue Phrase wurde erstellt"
Phrase,Phrase,Phrase
"Phrase has been translated","Phrase has been translated","Phrase wurde übersetzt"
"Please choose language you want to export","Please choose language you want to export","Bitte wählen Sie eine Sprache zum Exportieren aus"
Search,Search,Suche
"The category {Category} has already been taken","The category {Category} has already been taken","Die Kategorie {Category} ist bereits vorhanden"
"The language {Language} doesn't exists in the system","The language {Language} doesn't exists in the system","Die Sprache - {Language} - existiert noch nicht"
"The language doesn't exists","The language doesn't exists","Die Sprache existiert noch nicht"
"The language must contain at least one category","The language must contain at least one category","Für diese Sprache sollte zumindest eine Kategorie vorhanden sein"
"The phrase with ID {ID} doesn't exists","The phrase with ID {ID} doesn't exists","Die Phrase mit der ID {ID} existiert noch nicht"
"This means that if there is a phrase translation it will be replaced","This means that if there is a phrase translation it will be replaced","Dies bedeutet, dass wenn eine Phrase übersetzt ist, wird diese ersetzt"
"This phrase already exists in {Category} category","This phrase already exists in {Category} category","Diese Phrase ist bereits in Kategorie {Category} vorhanden"
"Translate phrase","Translate phrase","Phrase übersetzen"
Translation,Translation,Übersetzung
"Translations for {Language} language have been imported","Translations for {Language} language have been imported","Übersetzung für die Sprache - {Language} - wurden importiert"
"Unable to create stream from {File} file","Unable to create stream from {File} file","Keine Verbindung zur Datei {File} möglich"
"You are able upload only ZIP file","You are able upload only ZIP file","Sie können nur .zip Dateien hochladen"
"You need to install ZipArchive package","You need to install ZipArchive package","Sie müssen ein .zip Archiv installieren"
"Zip file (translations)","Zip file (translations)",".zip Datei (Übersetzungen)"
