phrase,source_en,translation
"{Brandname} administration","{Brandname} administration","{Brandname} Administration"
"Dear {Name}","Dear {Name}","Hallo {Name}"
"Forgot password?","Forgot password?","Passwort vergessen?"
"Please, do not reply to this message","Please, do not reply to this message","Bitte antworten Sie nicht auf diese Nachricht"
Regards,Regards,"Vielen Dank"
"Thank you for registration","Thank you for registration","Danke für Ihre Registrierung"
"Thank you for registration at {BranUrl}. Click here: {VerifyUrl}","Thank your for your registration at {BranUrl}. To activate your account please follow this link: {VerifyUrl}","Danke für Ihre Registrierung auf {BranUrl}. Um Ihr Benutzerkonto zu aktivieren, folgen Sie bitte diesem Link: {VerifyUrl}"
"To reset password open following link: {RecoveryLink} and enter new password.","To reset password open following link: {RecoveryLink} and enter new password.","Um das Passwort zurück zu setzen, folgen Sie bitte diesem Link: {RecoveryLink} und geben Sie ein neues Passwort ein."
"We've received a request from you to reset a password. If you didn't do it, then just ignore this message.","We've received a request from you to reset a password. If you didn't do it, then just ignore this message.","Wir erhielten eine Benachrichtigung zum Zurücksetzen Ihres Passwortes. Sollte dies nicht der Fall sein, entschuldigen wir uns und bitten Sie diese Nachricht zu ignorieren."
"You got new message!","You got new message!","Sie haben eine neue Nachricht!"
"You've received new message from {Name}. Open following link to see a message: {messageLink}","You've received new message from {Name}. Open following link to see a message: {messageLink}","Sie haben eine neue Nachricht erhalten von {Name}. Öffnen Sie den nachfolgenden Link um die Nachricht zu lesen: {messageLink}"
