phrase,source_en,translation
"{BrandName} | Atom feed","{BrandName} | Atom feed","{BrandName} | Atom-Feed"
"{BrandName} | RSS feed","{BrandName} | RSS feed","{BrandName} | RSS feed"
"{NumberOfMsg} Messages","{NumberOfMsg} Messages","{NumberOfMsg} Nachrichten"
"Added at","Added at","Hinzugefügt zu"
All,All,Alles
"Are you sure you want to delete this item?","Are you sure you want to delete this item?","Sind Sie sicher, dass Sie dies löschen möchten?"
Atom,Atom,Atom
"Buy Websites","Buy Websites","Webseiten kaufen"
"Click here","Click here","Hier klicken"
Create,Create,Erstellen
Delete,Delete,Löschen
"Developed by {Developer}","Developed by {Developer}","Erstellt von {Developer}"
"Displaying {start}-{end} of {count} results.","Displaying {start}-{end} of {count} results.","Anzeige von {start}-{end} über {count} ergebnisse."
Edit,Edit,Bearbeiten
"Hello, {Username}","Hello, {Username}","Hallo, {Username}"
Home,Home,Start
ID,ID,ID
Inbox,Inbox,Posteingang
Language,Language,Sprache
Logout,Logout,Abmelden
"Not on sale","Not on sale","Nicht zum Verkauf"
"Nothing found","Nothing found","Nichts gefunden"
"On sale","On sale","Zum Verkauf"
Optional,Optional,Fakultativ
OR,OR,ODER
page_privacy_link,"Privacy Policy",Datenschutzrichtlinie
page_terms_link,"Terms and Conditions",Geschäftsbedingungen
"Please choose category","Please choose category","Bitte eine Kategorie wählen"
"Remove all records","Remove all records","Alle Einträge entfernen"
RSS,RSS,RSS
"See all messages","See all messages","Alle Nachrichten anzeigen"
"Sell Websites","Sell Websites","Webseiten verkaufen"
Settings,Settings,Einstellungen
"Sign in","Sign in",Anmelden
Submit,Submit,Senden
"Toggle navigation","Toggle navigation","Navigation verbergen"
Top,Top,"Top Seiten"
Upcoming,Upcoming,"Zuletzt geschätzt"
Update,Update,Aktualisierung
"Verification code","Verification code",Verifizierungs-Code
View,View,Ansehen
