phrase,source_en,translation
"Action ""{action}"" does not exist in ""{controller}"".","Action ""{action}"" does not exist in ""{controller}"".","Aktion ""{action}"" existiert nicht in ""{controller}""."
"All records have been removed","All records have been removed","Alle Einträge wurden entfernt"
"An error has occurred while trying to confirm your email. Please try again later.","An error has occurred while trying to confirm your email. Please try again later.","Beim Überprüfen Ihrer Email ist ein Fehler aufgetreten. Bitte probieren Sie es nochmals."
"An error occurred while sending email","An error occurred while sending email","Beim Senden der Email ist ein Fehler aufgetreten"
"An internal error occurred. Please try again later","An internal error occurred. Please try again later","Ein interner Fehler ist aufgetreten. Bitte probieren Sie es nochmals."
Attention!,Attention!,Achtung!
"Email has been sent","Email has been sent","Email wurde gesendet"
"Please, use mail client which support HTML markup","Please, use mail client which support HTML markup","Bitte benutzen Sie ein Email-Programm, welches HTML unterstützt"
"Record has been deleted","Record has been deleted","Eintrag wurde gelöscht"
"Record has been successfully modified","Record has been successfully modified","Eintrag wurde erfolgreich überarbeitet"
"Server temporarily unavailable. Please, try to register a little bit later","Server temporarily unavailable. Please, try to register a little bit later","Server ist im Moment nicht erreichbar. Bitte probieren Sie es später noch mal sich zu registrieren"
"Server temporarily unavailable. Try again later.","Server temporarily unavailable. Try again later.","Server ist im Moment nicht erreichbar. Später nochmal probieren."
"The page you are looking for doesn't exists","The page you are looking for doesn't exist","Die Seite die Sie suchen, existiert nicht"
"The token is expired or does not valid. Please, try to register new account","The token is expired or does not valid. Please, try to register new account","Der Überprüfungs-Token ist abgelaufen oder nicht valide. Bitte probieren Sie eine neues Konto zu erstellen"
"Unable to find user in database","Unable to find user in database","Nutzer kann in Datenbank nicht gefunden werden"
"We've sent you email with instructions. Please check your inbox","We've sent you email with instructions. Please check your inbox","Wir haben Ihnen eine Email mit Informationen zu unserem Service gesendet. Bitte überprüfen Sie Ihren Emaileingang"
