phrase,source_en,translation
page_privacy_meta_description,"At {app_name}, one of our main priorities is the privacy of our visitors. This Privacy Policy document contains types of information that is collected and recorded by {app_name} and how we use it.","Bei {app_name} ist die Privatsphäre unserer Besucher eine unserer Hauptprioritäten. Dieses Datenschutzrichtliniendokument enthält Arten von Informationen, die von {app_name} gesammelt und aufgezeichnet werden, und wie wir sie verwenden."
page_privacy_meta_keywords,"privacy policy",datenschutzrichtlinie
page_privacy_meta_title,"Privacy Policy",Datenschutzrichtlinie
page_privacy_text,"<p>At {app_name}, one of our main priorities is the privacy of our visitors. This Privacy Policy document contains types of information that is collected and recorded by {app_name} and how we use it.</p>
<p>This privacy policy applies only to our online activities and is valid for visitors to our website with regards to the information that they shared and/or collect in {app_name}. This policy is not applicable to any information collected offline or via channels other than this website.</p>
<h2>Consent</h2>
<p>By using our website, you hereby consent to our Privacy Policy and agree to its terms.</p>
<h2>Information we collect</h2>
<p>The personal information that you are asked to provide is required to provide you with the service, and it is securely stored or, in the case of the contact form is not stored at all.</p>
<h2>How we use your information</h2>
<p>We use the information we collect in various ways, including to:</p>
<ul>
<li>Provide, operate, and maintain our website</li>
<li>Improve, personalize, and expand our website</li>
<li>Understand and analyze how you use our website</li>
<li>Develop new products, services, features, and functionality</li>
<li>Communicate with you, either directly or through one of our partners, including for customer service, to provide you with updates and other information relating to the website, and for marketing and promotional purposes</li>
<li>Find and prevent fraud</li>
</ul>
<h2>Log Files</h2>
<p>{app_name} follows a standard procedure of using log files. These files log visitors when they visit websites. All hosting companies do this and a part of hosting services' analytics. The information collected by log files include internet protocol (IP) addresses, browser type, Internet Service Provider (ISP), date and time stamp, referring/exit pages, and possibly the number of clicks. These are not linked to any information that is personally identifiable. The purpose of the information is for analyzing trends, administering the site, tracking users' movement on the website, and gathering demographic information.</p>
<h2>Cookies and Web Beacons</h2>
<p>Like any other website, {app_name} uses ‘cookies'. These cookies are used to store information including visitors' preferences, and the pages on the website that the visitor accessed or visited. The information is used to optimize the users' experience by customizing our web page content based on visitors' browser type and/or other information.</p>
<h2>DoubleClick DART Cookie</h2>
<p>Google is one of a third-party vendor on our site. It also uses cookies, known as DART cookies, to serve ads to our site visitors based upon their visit to www.website.com and other sites on the internet. However, visitors may choose to decline the use of DART cookies by visiting the Google ad and content network Privacy Policy at the following URL – <a href='https://policies.google.com/technologies/ads' target='_blank'>https://policies.google.com/technologies/ads</a>.</p>
<p>Some of advertisers on our site may use cookies and web beacons. Our advertising partners are listed below. Each of our advertising partners has their own Privacy Policy for their policies on user data. For easier access, we hyperlinked to their Privacy Policies below.</p>
<ul><li><a href='https://policies.google.com/technologies/ads' target='_blank'>Google</a></li></ul>
<h2>Advertising Partners Privacy Policies</h2>
<p>Third-party ad servers or ad networks uses technologies like cookies, JavaScript, or Web Beacons that are used in their respective advertisements and links that appear on {app_name}, which are sent directly to users' browser. They automatically receive your IP address when this occurs. These technologies are used to measure the effectiveness of their advertising campaigns and/or to personalize the advertising content that you see on websites that you visit.</p>
<p>Note that {app_name} has no access to or control over these cookies that are used by third-party advertisers.</p>
<h2>Third-Party Privacy Policies</h2>
<p>{app_name} Privacy Policy does not apply to other advertisers or websites. Thus, we are advising you to consult the respective Privacy Policies of these third-party ad servers for more detailed information.</p>
<p>You can choose to disable cookies through your individual browser options. To know more detailed information about cookie management with specific web browsers, it can be found at the browsers' respective websites. What Are Cookies?</p>
<h2>CCPA Privacy Policy (Do Not Sell My Personal Information)</h2>
<p>Under the CCPA, among other rights, California consumers have the right to:</p>
<ul>
<li>Request that a business that collects a consumer's personal data disclose the categories and specific pieces of personal data that a business has collected about consumers.</li>
<li>Request that a business delete any personal data about the consumer that a business has collected.</li>
<li>Request that a business that sells a consumer's personal data, not sell the consumer's personal data.</li>
<li>If you make a request, we have one month to respond to you. If you would like to exercise any of these rights, please contact us.</li>
</ul>
<h2>GDPR Privacy Policy (Data Protection Rights)</h2>
<p>We would like to make sure you are fully aware of all of your data protection rights. Every user is entitled to the following:</p>
<ul>
<li>The right to access – You have the right to request copies of your personal data. We may charge you a small fee for this service.</li>
<li>The right to rectification – You have the right to request that we correct any information you believe is inaccurate. You also have the right to request that we complete the information you believe is incomplete.</li>
<li>The right to erasure – You have the right to request that we erase your personal data, under certain conditions.</li>
<li>The right to restrict processing – You have the right to request that we restrict the processing of your personal data, under certain conditions.</li>
<li>The right to object to processing – You have the right to object to our processing of your personal data, under certain conditions.</li>
<li>The right to data portability – You have the right to request that we transfer the data that we have collected to another organization, or directly to you, under certain conditions.</li>
<li>If you make a request, we have one month to respond to you. If you would like to exercise any of these rights, please contact us.</li>
</ul>
<h2>Children's Information</h2>
<p>Another part of our priority is adding protection for children while using the internet. We encourage parents and guardians to observe, participate in, and/or monitor and guide their online activity.</p>
<p>{app_name} does not knowingly collect any Personal Identifiable Information from children under the age of 13. If you think that your child provided this kind of information on our website, we strongly encourage you to contact us immediately and we will do our best efforts to promptly remove such information from our records.</p>","<p>Bei {app_name} ist die Privatsphäre unserer Besucher eine unserer Hauptprioritäten. Dieses Datenschutzrichtliniendokument enthält Arten von Informationen, die von {app_name} gesammelt und aufgezeichnet werden, und wie wir sie verwenden.</p>
<p>Diese Datenschutzrichtlinie gilt nur für unsere Online-Aktivitäten und gilt für Besucher unserer Website in Bezug auf die Informationen, die sie in {app_name} geteilt und/oder gesammelt haben. Diese Richtlinie gilt nicht für Informationen, die offline oder über andere Kanäle als diese Website erfasst werden.</p>
<h2>Einwilligung</h2>
<p>Durch die Nutzung unserer Website stimmen Sie hiermit unserer Datenschutzrichtlinie zu und stimmen deren Bedingungen zu.</p>
<h2>Informationen, die wir sammeln</h2>
<p>Die von Ihnen abgefragten personenbezogenen Daten sind für die Erbringung der Dienstleistung erforderlich und werden sicher gespeichert bzw. im Fall des Kontaktformulars überhaupt nicht gespeichert.</p>
<h2>Wie wir Ihre Informationen verwenden</h2>
<p>Wir nutzen die von uns gesammelten Informationen auf verschiedene Weise, unter anderem um:</p>
<ul>
<li>Bereitstellung, Betrieb und Wartung unserer Website</li>
<li>Verbessern, personalisieren und erweitern Sie unsere Website</li>
<li>Verstehen und analysieren Sie, wie Sie unsere Website nutzen</li>
<li>Entwickeln Sie neue Produkte, Dienste, Features und Funktionen</li>
<li>Mit Ihnen kommunizieren, entweder direkt oder über einen unserer Partner, einschließlich für den Kundendienst, um Ihnen Aktualisierungen und andere Informationen im Zusammenhang mit der Website bereitzustellen sowie für Marketing- und Werbezwecke</li>
<li>Betrug erkennen und verhindern</li>
</ul>
<h2>Protokolldateien</h2>
<p>{app_name} folgt einem Standardverfahren zur Verwendung von Protokolldateien. Diese Dateien protokollieren Besucher, wenn sie Websites besuchen. Alle Hosting-Unternehmen führen dies und einen Teil der Analysen der Hosting-Dienste durch. Zu den durch Protokolldateien gesammelten Informationen gehören Internetprotokolladressen (IP), Browsertyp, Internetdienstanbieter (ISP), Datums- und Zeitstempel, Verweis-/Ausstiegsseiten und möglicherweise die Anzahl der Klicks. Diese werden nicht mit personenbezogenen Daten verknüpft. Der Zweck der Informationen besteht darin, Trends zu analysieren, die Website zu verwalten, die Bewegungen der Benutzer auf der Website zu verfolgen und demografische Informationen zu sammeln.</p>
<h2>Cookies und Web Beacons</h2>
<p>Wie jede andere Website verwendet auch {app_name} „Cookies“. Diese Cookies werden verwendet, um Informationen zu speichern, einschließlich der Präferenzen der Besucher und der Seiten der Website, auf die der Besucher zugegriffen oder die er besucht hat. Die Informationen werden verwendet, um das Benutzererlebnis zu optimieren, indem wir den Inhalt unserer Webseite basierend auf dem Browsertyp der Besucher und/oder anderen Informationen anpassen.</p>
<h2>DoubleClick DART-Cookie</h2>
<p>Google ist einer der Drittanbieter auf unserer Website. Es verwendet auch Cookies, sogenannte DART-Cookies, um den Besuchern unserer Website basierend auf ihrem Besuch auf www.website.com und anderen Websites im Internet Anzeigen zu schalten. Besucher können jedoch die Verwendung von DART-Cookies ablehnen, indem sie die Datenschutzrichtlinie für das Werbe- und Content-Netzwerk von Google unter der folgenden URL aufrufen: <a href='https://policies.google.com/technologies/ads' target='_blank '>https://policies.google.com/technologies/ads</a>.</p>
<p>Einige Werbetreibende auf unserer Website verwenden möglicherweise Cookies und Web-Beacons. Nachfolgend finden Sie unsere Werbepartner. Jeder unserer Werbepartner hat seine eigene Datenschutzrichtlinie für seine Richtlinien zu Benutzerdaten. Um den Zugriff zu erleichtern, haben wir unten einen Hyperlink zu deren Datenschutzrichtlinien erstellt.</p>
<ul><li><a href='https://policies.google.com/technologies/ads' target='_blank'>Google</a></li></ul>
<h2>Datenschutzrichtlinien für Werbepartner</h2>
<p>Werbeserver oder Werbenetzwerke von Drittanbietern verwenden Technologien wie Cookies, JavaScript oder Web Beacons, die in ihren jeweiligen Anzeigen verwendet werden, und Links, die auf {app_name} erscheinen und direkt an den Browser der Benutzer gesendet werden. In diesem Fall erhalten sie automatisch Ihre IP-Adresse. Diese Technologien werden verwendet, um die Wirksamkeit ihrer Werbekampagnen zu messen und/oder um die Werbeinhalte zu personalisieren, die Sie auf den von Ihnen besuchten Websites sehen.</p>
<p>Beachten Sie, dass {app_name} keinen Zugriff auf oder keine Kontrolle über diese Cookies hat, die von Drittwerbetreibenden verwendet werden.</p>
<h2>Datenschutzrichtlinien Dritter</h2>
<p>Die Datenschutzrichtlinie von {app_name} gilt nicht für andere Werbetreibende oder Websites. Wir empfehlen Ihnen daher, für detailliertere Informationen die jeweiligen Datenschutzrichtlinien dieser Drittanbieter-Adserver zu konsultieren.</p>
<p>Sie können Cookies über Ihre individuellen Browseroptionen deaktivieren. Ausführlichere Informationen zur Cookie-Verwaltung mit bestimmten Webbrowsern finden Sie auf den jeweiligen Websites der Browser. Was sind Cookies?</p>
<h2>CCPA-Datenschutzrichtlinie (Meine persönlichen Daten nicht verkaufen)</h2>
<p>Nach dem CCPA haben kalifornische Verbraucher neben anderen Rechten das Recht auf:</p>
<ul>
<li>Fordern Sie ein Unternehmen, das personenbezogene Daten eines Verbrauchers erfasst, auf, die Kategorien und spezifischen Teile personenbezogener Daten offenzulegen, die ein Unternehmen über Verbraucher erfasst hat.</li>
<li>Fordern Sie ein Unternehmen auf, alle personenbezogenen Daten über den Verbraucher zu löschen, die ein Unternehmen gesammelt hat.</li>
<li>Fordern Sie ein Unternehmen, das personenbezogene Daten eines Verbrauchers verkauft, auf, die personenbezogenen Daten des Verbrauchers nicht zu verkaufen.</li>
<li>Wenn Sie eine Anfrage stellen, haben wir einen Monat Zeit, um Ihnen zu antworten. Wenn Sie eines dieser Rechte ausüben möchten, kontaktieren Sie uns bitte.</li>
</ul>
<h2>DSGVO-Datenschutzrichtlinie (Datenschutzrechte)</h2>
<p>Wir möchten sicherstellen, dass Sie alle Ihre Datenschutzrechte vollständig kennen. Jeder Benutzer hat Anspruch auf Folgendes:</p>
<ul>
<li>Das Recht auf Zugriff – Sie haben das Recht, Kopien Ihrer personenbezogenen Daten anzufordern. Für diesen Service erheben wir möglicherweise eine geringe Gebühr.</li>
<li>Das Recht auf Berichtigung – Sie haben das Recht, von uns die Berichtigung von Informationen zu verlangen, die Ihrer Meinung nach unrichtig sind. Sie haben außerdem das Recht, von uns die Vervollständigung der Informationen zu verlangen, die Sie für unvollständig halten.</li>
<li>Das Recht auf Löschung – Sie haben das Recht, unter bestimmten Bedingungen die Löschung Ihrer personenbezogenen Daten durch uns zu verlangen.</li>
<li>Das Recht auf Einschränkung der Verarbeitung – Sie haben das Recht, unter bestimmten Bedingungen zu verlangen, dass wir die Verarbeitung Ihrer personenbezogenen Daten einschränken.</li>
<li>Das Recht, der Verarbeitung zu widersprechen – Sie haben unter bestimmten Bedingungen das Recht, der Verarbeitung Ihrer personenbezogenen Daten durch uns zu widersprechen.</li>
<li>Das Recht auf Datenübertragbarkeit – Sie haben das Recht zu verlangen, dass wir die von uns erfassten Daten unter bestimmten Bedingungen an eine andere Organisation oder direkt an Sie übertragen.</li>
<li>Wenn Sie eine Anfrage stellen, haben wir einen Monat Zeit, um Ihnen zu antworten. Wenn Sie eines dieser Rechte ausüben möchten, kontaktieren Sie uns bitte.</li>
</ul>
<h2>Informationen für Kinder</h2>
<p>Eine weitere Priorität für uns ist der Schutz von Kindern bei der Nutzung des Internets. Wir ermutigen Eltern und Erziehungsberechtigte, ihre Online-Aktivitäten zu beobachten, daran teilzunehmen und/oder sie zu überwachen und zu leiten.</p>
<p>{app_name} sammelt wissentlich keine personenbezogenen Daten von Kindern unter 13 Jahren. Wenn Sie der Meinung sind, dass Ihr Kind diese Art von Informationen auf unserer Website bereitgestellt hat, empfehlen wir Ihnen dringend, sich umgehend mit uns in Verbindung zu setzen. Wir werden unser Bestes tun Wir bemühen uns nach Kräften, solche Informationen umgehend aus unseren Aufzeichnungen zu entfernen.</p>
"
page_privacy_title,"Privacy Policy",Datenschutzrichtlinie
