phrase,source_en,translation
page_terms_meta_description,"These terms and conditions outline the rules and regulations for the use of {app_name}.","Diese Allgemeinen Geschäftsbedingungen beschreiben die Regeln und Vorschriften für die Nutzung von {app_name}."
page_terms_meta_keywords,"terms and conditions",geschäftsbedingungen
page_terms_meta_title,"Terms and Conditions",Geschäftsbedingungen
page_terms_text,"<p>These terms and conditions outline the rules and regulations for the use of {app_name}.</p>
<p>By accessing this website we assume you accept these terms and conditions. Do not continue to use {app_name} if you do not agree to take all of the terms and conditions stated on this page.</p>
<p>The following terminology applies to these Terms and Conditions, Privacy Statement and Disclaimer Notice and all Agreements: “Client”, “You” and “Your” refers to you, the person log on this website and compliant to the Company's terms and conditions. “The Company”, “Ourselves”, “We”, “Our” and “Us”, refers to our Company. “Party”, “Parties”, or “Us”, refers to both the Client and ourselves. All terms refer to the offer, acceptance and consideration of payment necessary to undertake the process of our assistance to the Client in the most appropriate manner for the express purpose of meeting the Client's needs in respect of provision of the Company's stated services, in accordance with and subject to, prevailing law of Netherlands. Any use of the above terminology or other words in the singular, plural, capitalization and/or he/she or they, are taken as interchangeable and therefore as referring to same.</p>
<h2>Cookies</h2>
<p>We employ the use of cookies. By accessing {app_name}, you agreed to use cookies in agreement with the <a href='{privacy_url}'>Privacy Policy</a>.</p>
<p>Most interactive websites use cookies to let us retrieve the user's details for each visit. Cookies are used by our website to enable the functionality of certain areas to make it easier for people visiting our website. Some of our affiliate/advertising partners may also use cookies.</p>
<h2>License</h2>
<p>You must not:</p>
<ul>
<li>Republish material from {app_name}</li>
<li>Sell, rent or sub-license material from {app_name}</li>
<li>Reproduce, duplicate or copy material from {app_name}</li>
<li>Redistribute content from {app_name}</li>
</ul>
<p>This Agreement shall begin on the date hereof.</p>
<h2>iFrames</h2>
<p>Without prior approval and written permission, you may not create frames around our Webpages that alter in any way the visual presentation or appearance of our Website.</p>
<h2>Content Liability</h2>
<p>We shall not be hold responsible for any content that appears on your Website. You agree to protect and defend us against all claims that is rising on your Website. No link(s) should appear on any Website that may be interpreted as libelous, obscene or criminal, or which infringes, otherwise violates, or advocates the infringement or other violation of, any third party rights.</p>
<h2>Reservation of Rights</h2>
<p>We reserve the right to request that you remove all links or any particular link to our Website. You approve to immediately remove all links to our Website upon request. We also reserve the right to amen these terms and conditions and it's linking policy at any time. By continuously linking to our Website, you agree to be bound to and follow these linking terms and conditions.</p>
<h2>Removal of links from our website</h2>
<p>If you find any link on our Website that is offensive for any reason, you are free to contact and inform us any moment. We will consider requests to remove links but we are not obligated to or so or to respond to you directly.</p>
<p>We do not ensure that the information on this website is correct, we do not warrant its completeness or accuracy; nor do we promise to ensure that the website remains available or that the material on the website is kept up to date.</p>
<h2>Disclaimer</h2>
<p>To the maximum extent permitted by applicable law, we exclude all representations, warranties and conditions relating to our website and the use of this website. Nothing in this disclaimer will:</p>
<ul>
<li>limit or exclude our or your liability for death or personal injury;</li>
<li>limit or exclude our or your liability for fraud or fraudulent misrepresentation;</li>
<li>limit any of our or your liabilities in any way that is not permitted under applicable law; or</li>
<li>exclude any of our or your liabilities that may not be excluded under applicable law.</li>
</ul>
<p>The limitations and prohibitions of liability set in this Section and elsewhere in this disclaimer: (a) are subject to the preceding paragraph; and (b) govern all liabilities arising under the disclaimer, including liabilities arising in contract, in tort and for breach of statutory duty.</p>
<p>As long as the website and the information and services on the website are provided free of charge, we will not be liable for any loss or damage of any nature.</p>","<p>Diese allgemeinen Regeln und Schriften sind für die Nutzung von {app_name} erforderlich.</p>
<p>Auf dieser Website finden Sie heraus, dass Sie diese allgemeinen Anforderungen akzeptiert haben. {app_name} wird nicht verwendet, wenn Sie nicht mit allen auf dieser Seite angezeigten Inhalten arbeiten.</p>
<p>Die folgende Terminologie gilt für diese Allgemeinen Geschäftsbedingungen, die Datenschutzerklärung und den Haftungsausschluss sowie alle Vereinbarungen: „Kunde“, „Sie“ und „Ihr“ bezieht sich auf Sie, die Person, die sich auf dieser Website anmeldet und die Geschäftsbedingungen des Unternehmens einhält Bedingungen. „Das Unternehmen“, „Uns selbst“, „Wir“, „Unser“ und „Uns“ beziehen sich auf unser Unternehmen. „Partei“, „Parteien“ oder „uns“ bezieht sich sowohl auf den Kunden als auch auf uns selbst. Alle Bedingungen beziehen sich auf das Angebot, die Annahme und die Gegenleistung für die Zahlung, die erforderlich ist, um den Prozess unserer Unterstützung für den Kunden auf die am besten geeignete Weise durchzuführen, mit dem ausdrücklichen Zweck, die Bedürfnisse des Kunden in Bezug auf die Bereitstellung der angegebenen Dienstleistungen des Unternehmens gemäß zu erfüllen und unterliegen dem geltenden Recht der Niederlande. Jegliche Verwendung der oben genannten Terminologie oder anderer Wörter im Singular, Plural, in Groß- und Kleinschreibung und/oder er/sie oder sie gelten als austauschbar und beziehen sich daher auf dasselbe.</p>
<h2>Cookies</h2>
<p>Wir verwenden Cookies. Durch den Zugriff auf {app_name} haben Sie der Verwendung von Cookies in Übereinstimmung mit der <a href='{privacy_url}'>Datenschutzerklärung</a> zugestimmt.</p>
<p>Die meisten interaktiven Websites verwenden Cookies, damit wir bei jedem Besuch die Daten des Benutzers abrufen können. Cookies werden von unserer Website verwendet, um die Funktionalität bestimmter Bereiche zu ermöglichen und den Besuchern unserer Website den Besuch zu erleichtern. Einige unserer Affiliate-/Werbepartner verwenden möglicherweise auch Cookies.</p>
<h2>Lizenz</h2>
<p>Sie dürfen nicht:</p>
<ul>
<li>Material von {app_name} erneut veröffentlichen</li>
<li>Material von {app_name} verkaufen, vermieten oder unterlizenzieren</li>
<li>Material von {app_name} reproduzieren, duplizieren oder kopieren</li>
<li>Inhalte von {app_name} weiterverbreiten</li>
</ul>
<p>Diese Vereinbarung beginnt mit dem Datum dieser Vereinbarung.</p>
<h2>iFrames</h2>
<p>Ohne vorherige Genehmigung und schriftliche Genehmigung dürfen Sie keine Frames um unsere Webseiten herum erstellen, die in irgendeiner Weise die visuelle Darstellung oder das Erscheinungsbild unserer Website verändern.</p>
<h2>Haftung für Inhalte</h2>
<p>Wir übernehmen keine Verantwortung für Inhalte, die auf Ihrer Website erscheinen. Sie erklären sich damit einverstanden, uns gegen alle Ansprüche zu schützen und zu verteidigen, die auf Ihrer Website erhoben werden. Auf einer Website dürfen keine Links erscheinen, die als verleumderisch, obszön oder kriminell ausgelegt werden könnten oder die Rechte Dritter verletzen, anderweitig verletzen oder deren Verletzung oder sonstige Verletzung befürworten.</p>
<h2>Rechtsvorbehalt</h2>
<p>Wir behalten uns das Recht vor, Sie aufzufordern, alle Links oder einen bestimmten Link zu unserer Website zu entfernen. Sie stimmen zu, alle Links zu unserer Website auf Anfrage unverzüglich zu entfernen. Wir behalten uns außerdem das Recht vor, diese Allgemeinen Geschäftsbedingungen und die Verlinkungsrichtlinie jederzeit zu ändern. Indem Sie fortlaufend auf unsere Website verlinken, erklären Sie sich damit einverstanden, an diese Verlinkungsbedingungen gebunden zu sein und diese zu befolgen.</p>
<h2>Entfernung von Links von unserer Website</h2>
<p>Wenn Sie auf unserer Website einen Link finden, der aus irgendeinem Grund anstößig ist, können Sie uns jederzeit kontaktieren und uns informieren. Wir werden Anfragen zur Entfernung von Links berücksichtigen, sind jedoch nicht dazu verpflichtet, Ihnen direkt zu antworten.</p>
<p>Wir garantieren nicht, dass die Informationen auf dieser Website korrekt sind, und übernehmen keine Gewähr für deren Vollständigkeit oder Richtigkeit. Wir versprechen auch nicht, sicherzustellen, dass die Website verfügbar bleibt oder dass das Material auf der Website auf dem neuesten Stand gehalten wird.</p>
<h2>Haftungsausschluss</h2>
<p>Soweit gesetzlich zulässig, schließen wir alle Zusicherungen, Gewährleistungen und Bedingungen im Zusammenhang mit unserer Website und der Nutzung dieser Website aus. Nichts in diesem Haftungsausschluss wird:</p>
<ul>
<li>unsere oder Ihre Haftung für Tod oder Körperverletzung einschränken oder ausschließen;</li>
<li>unsere oder Ihre Haftung für Betrug oder betrügerische Falschdarstellung einschränken oder ausschließen;</li>
<li>Beschränken Sie unsere oder Ihre Verbindlichkeiten auf eine Weise, die nach geltendem Recht nicht zulässig ist. oder</li>
<li>schließen Sie alle unsere oder Ihre Verbindlichkeiten aus, die nach geltendem Recht möglicherweise nicht ausgeschlossen sind.</li>
</ul>
<p>Die in diesem Abschnitt und an anderer Stelle in diesem Haftungsausschluss festgelegten Haftungsbeschränkungen und -verbote: (a) unterliegen dem vorstehenden Absatz; und (b) alle Haftungen regeln, die sich aus dem Haftungsausschluss ergeben, einschließlich der Haftung aus Vertrag, unerlaubter Handlung und Verletzung gesetzlicher Pflichten.</p>
<p>Solange die Website und die Informationen und Dienste auf der Website kostenlos zur Verfügung gestellt werden, haften wir nicht für Verluste oder Schäden jeglicher Art.</p>"
page_terms_title,"Terms and Conditions",Geschäftsbedingungen
