phrase,source_en,translation
"{Many} days ago","{Many} days ago","Vor {Many} Tagen"
"{Many} hours ago","{Many} hours ago","Vor {Many} Stunden"
"{Many} minutes ago","{Many} minutes ago","Vor {Many} Minuten"
"{Many} months ago","{Many} months ago","Vor {Many} Monaten"
"{Many} years ago","{Many} years ago","Vor {Many} Jahren"
"{One} day ago","{One} day ago","Vor einem Tag"
"{One} hour ago","{One} hour ago","Vor einer Stunde"
"{One} minute ago","{One} minute ago","Vor einer Minute"
"{One} month ago","{One} month ago","Vor einem Monat"
"{One} year ago","{One} year ago","Vor einem Jahr"
Action,Action,Aktion
"Back to Inbox","Back to inbox","Zurück zum Posteingang"
"Block Sender","Block Sender","Absender blockieren"
"Blocked at","Blocked at","Blockiert am"
"Blocked users","Blocked users","Blockierte Nutzer"
Chat,Chat,Chat
"Chat with {Username}","Chat with {Username}","Chatten mit {Username}"
"Completely remove","Completely remove","Komplett entfernen"
folder_important,Important,Wichtig
folder_inbox,Inbox,Posteingang
folder_sent,"Sent Items",Senden
folder_starred,Starred,Favoriten
folder_trash,Trash,Abfall
I'm,I'm,"Ich bin"
"Just now","Just now",Jetzt
Loading...,Loading...,Laden...
"Mark as Important","Mark as Important","Als wichtig markieren"
"Mark as Read","Mark as Read","Als gelesen markieren"
"Mark as Starred","Mark as Starred","Als Favorit markieren"
Message,Message,Nachricht
"Message has been sent","Message has been sent","Nachricht wurde gesendet"
"Messages have been completely removed","Messages have been completely removed","Nachrichten wurden komplett entfernt"
"Messages have been restored","Messages have been restored","Nachrichten wurden wieder hergestellt"
"Move to Trash","Move to Trash","In den Papierkorb"
"My messages","My messages","Meine Nachrichten"
New,New,Neu
"New message","New message","Neue Nachricht"
Refresh,Refresh,Aktualisieren
"Remove from Important folder","Remove from Important folder","Von den wichtigen Nachrichten entfernen"
"Remove from Starred folder","Remove from Starred folder","Von den Favoriten entfernen"
"Removed from sale","Removed from sale","Aus dem Ordner der Verkauftenbenachrichtigungen entfernen"
"Restore from Trash folder","Restore from Trash folder","Gelöschte Nachrichten wieder herstellen"
Scammer!,Scammer!,Betrüger!
"Selected messages has been marked as Important","Selected messages has been marked as Important","Ausgewählte Nachrichten wurden als wichtig markiert"
"Selected messages have been marked as read","Selected messages have been marked as read","Ausgewählte Nachrichten wurden als gelesen markiert"
"Selected messages have been moved to Starred folder","Selected messages have been moved to Starred folder","Ausgewählte Nachrichten wurden nach Favoriten verschoben"
"Selected messages have been moved to trash folder","Selected messages have been moved to trash folder","Ausgewählte Nachrichten wurden in den Ordner für gelöschte Nachrichten verschoben"
"Selected messages have been removed from Important folder","Selected messages have been removed from Important folder","Ausgewählte Nachrichten wurden aus dem für wichtige Nachrichtenordner entfernt"
"Selected messages have been removed from Starred folder","Selected messages have been removed from Starred folder","Ausgewählte Nachrichten wurden aus dem Favoritenordner entfernt"
"Send message","Send message","Nachricht senden"
"The website has been sold or removed from sales.","The website has been sold or removed from sales.","Die Webseite wurde verkauft oder vom Verkauf entfernt"
"This user has blocked you","This user has blocked you","Dieser Nutzer hat Sie blockiert"
"Type your message here...","Type your message here...","Geben Sie Ihre Nachricht hier ein..."
"Unauthorized users can not send messages","Unauthorized users can not send messages","Sie haben nicht die nötigen Befugnisse um Nachrichten zu versenden"
Unblock,Unblock,"Blockierung aufheben"
"User has been blocked","User has been blocked","Nutzer wurde Blockiert"
"User has been blocked and marked as a spammer","User has been blocked and marked as a spammer","Nutzer wurde Blockiert und als Betrüger markiert"
"User has been unblocked","User has been unblocked","Nutzerblockade wurde aufgehoben"
"You are forbidden to send messages","You are forbidden to send messages","Es ist Ihnen nicht gestattet Nachrichten zu versenden"
"You can't send message to yourself","You can't send message to yourself","Sie können keine Nachrichten an sich selbst versenden"
"You have blocked this user. {Click here} to unblock","You have blocked this user. {Click here} to unblock","Sie haben diesen Nutzer blockiert. {Click here} um die Blockade auf zu heben"
