phrase,source_en,translation
Category,Category,Kategorie
"Congratulations. Your website/domain is on sale","Congratulations. Your website/domain is on sale","Gratulation. Ihre Webseite/Domain steht zum Verkauf"
Domain/Website,Domain/Website,Domain/Webseite
Field,Field,Feld
"Fill out the form","Fill out the form","Füllen Sie das Formular aus"
"Information has been updated","Information has been updated","Information wurde aktualisiert"
"Insert widget on your main page and click ""verify"" button. Feel free to modify HTML/CSS, but leave do follow link.","Insert widget on your main page and click ""verify"" button. Feel free to modify HTML/CSS, but leave do follow link.","Widget in Ihre Hauptseite einfügen und klicken Sie den ""Verifizieren"" Knopf. Sie können HTML/CSS überarbeiten, aber lassen Sie den - do follow - Link bestehen."
"My Websites/Domains on Sale","My Websites/Domains on Sale","Meine zum Verkauf stehenden Webseiten/Domains"
"Nothing is sold","Nothing is for sale","Nichts wurde verkauft"
"Put up for sale","Put up for sale","Zum Verkaufen einstellen"
"Remove from sale","Remove from sale","Vom Verkauf entfernen"
"Sell Website/Domain","Sell Website/Domain","Webseite/Domain verkaufen"
"The website is already on sale","The website is already on sale","Die Webseite steht bereits zum Verkauf"
"The widget has been found","The widget has been found","Das Widget wurde gefunden"
"The widget has not been found","The widget has not been found","Das Widget wurde nicht gefunden"
Value,Value,Wert
Verify,Verify,Überprüfen
"Visit website","Visit website","Webseite besuchen"
"Website {Domain} has been removed from sale","Website {Domain} has been removed from sale","Webseite {Domain} wurde vom Verkauf entfernt"
