phrase,source_en,translation
"{Portal} allows people you to sell your website.","{Portal} allows people you to sell your website or domain name and allow people contact with you who may interest with your website/domain.","{Portal} erlaubt Ihnen Ihre Webseite/Domain zu verkaufen und Kaufinteressenten mit Ihnen in Kontakt zu treten."
"After analysis and calculation of your website price done, click ""Sell my website/domain""","After analysis and calculation of your website price done, click ""Sell my website/domain"" link under Widgets section. Or click Dashboard link on the menu.","Nach der Analyse und Kalkulation Ihrer Webseite, klicken Sie den""""Meine Webseite/Domain verkaufen"" Link unterhalb des Widget Bereiches oder wechseln Sie zum Dashboard über das Menü"
"And wait for people contact with you.","And wait for people contact with you. If anybody interesting with your website/domain name, you will receive an e-mail from your potential buyer including his/her contact information.","Warten Sie auf Anfragen. Wenn jemand Interesse an Ihrer Webseite/Domain zeigt, werden Sie eine Email mit den nötigen Kontaktdaten des Interessenten erhalten."
"Check websites and domains on sale","Check websites and domains on sale","berprüfen Sie Ihre zum Verkauf stehendeWebseite und Domain"
"Check your domain/website listed on {Buy Websites} page","Check your domain/website listed on {Buy Websites} page.","berprüfen Sie Ihre Webseite/Domain welche unter {Buy Websites} Seite gelistet ist."
"Check your website/domain on {Portal}","Check your website/domain on {Portal} (Open {Portal} home page and write your website/domain name then click ""Calculate"").","Überprüfen Sie Ihre Webseite/Domain auf {Portal} (öffnen Sie unsere {Portal} Webseite ,tragen Sie Ihren Webseiten-/Domainnamen ein und drücken auf ""Kalkulieren"")."
"Do you want to sell your website, sell your domain name?","Do you want to sell your website, sell your domain name?","Wollen Sie Ihre Webseite oder Ihren Domainnamen verkaufen?"
"Register/Login to {Portal}","Register/Login to {Portal}.","Registrieren/Anmelden auf {Portal}."
"Sale instruction description","How to sell my website or domain on {Portal}","Wie kann ich meine Webseite oder Domain auf {Portal} Verkaufen"
"Sale instruction page keywords","sell domain,sell website,sell website for free,sell domain for free,sell my domain,sell my website","verkaufe Domain, verkaufe Webseite, verkaufe Webseite für umsonst, verkaufe Domain für umsonst, verkaufe meine Domain, verkaufe meine Webseite"
"Sell Websites - Sell Domains","Sell Websites - Sell Domains","Verkaufe Sie Ihre Webseiten oder Ihre Domains"
"Site Verification page opens","Site Verification page opens. Put the HTML code on your website main(root) page and enter the information that asked. And click ""Verify"" button. If verification done succesfully then fill out the form and your website/domain started to sell on {Portal}.","Seitenüberprüfungsseite öffnet sich. Geben Sie den HTML Code auf Ihrer Webseite (Index - root) ein und beantworten Sie die gefragten Informationen. Und klicken Sie auf den ""Überprüfen"" Knopf. Sobald die Überprüfung erfolgreich abgeschlossen ist, füllen Sie bitte das Formular aus und Ihre Webseite/Domain wird auf {Portal} verkauft."
"To tell people that you may sell your website or sell domain","To tell people that you may sell your website or sell domain name with a good offer follow this easy instructions.","Um den Verkauf Ihrer Webseite oder Domain voran zu treiben, haben wir für Sie ein paar Instruktionen parat."
