phrase,source_en,translation
"Complain date","Complain date","Datum der Beschwerde"
Legend,Legend,Legende
"Prevent {Scammer} from sending letters","Prevent {Scammer} from sending letters","Verhindere  {Scammer} vom Senden von Nachrichten"
"Scam reports","Scam reports","Betrug Reporte"
Scammer,Scammer,Betrüger
Sender,Sender,Versender
"Sent at","Sent at","Gesendet an"
"The dialog between {Sender} and {Scammer}","The dialog between {Sender} and {Scammer}","Der Dialog zwischen dem {Sender} und dem {Scammer}"
"User has been restricted","User has been restricted","Nutzer wurde einggeschränkt"
"View dialog","View dialog","Unterhaltung ansehen"
