phrase,source_en,translation
"Access denied","Access denied","Zugang nicht erlaubt"
"Index page description","How much is a website price? {Portal} is a free website worth calculator and domain value estimator. You Can Sell and Buy Websites and Domain names with no cost.","Wieviel kostet eine Webseite? {Portal} ist ein kostenloser Rechner für den Wert einer Webseite und Wertschätzer für Domains. Sie können Webseiten und Domains kaufen und verkaufen ohne zusätzliche Kosten."
"Index page keywords","buy website,domain estimator,domain valuation,domain value,domain value calculator,domain value estimator,domain worth,how much is my website worth,price website,sell website,site price,site value,site value calculator,site worth,value my website,value of a website,web worth,website calculator,website price,website price calculator,website valuation,website value,website value calculator,website value checker,website value estimator,website worth,website worth calculator,website worth checker,what is my domain worth,what is my website worth,worth of web,worth of website","webseite kaufen, domain sch&auml;tzen, domain bewertung, domain wert, domain wert kalkulator, domain wert sch&uuml;tzer, wieviel ist meine webseite wert, webseitenpreis, webseite verkaufen, seitenpreis, seitenwert, seitenwert kalkulator, wert meiner webteite, wert einer webseite, web wert, webseitenkalkulator, webseitenbewertung, webseiten sch&auml;tzen, webseiten wert &uuml;berpr&uuml;fen, webseiten wert ermittler, webseiten wert kalkulator, wieviel ist meine webseite wert, wieviel ist meine domain wert, wert des webs, wert einer webseite"
"Index page title","Get website cost online","Erfahren Sie den Webseitenwert online"
"Internal server error","Internal server error","Interner Serverfehler"
"Learn more","Learn more","Erfahren Sie mehr"
OK,OK,OK
"Page not found","Page not found","Seite wurde nicht gefunden"
"This website uses cookies to ensure you get the best experience on our website.","This website uses cookies to ensure you get the best experience on our website.","Wir verwenden Cookies, um Inhalte und Anzeigen zu personalisieren, Funktionen für soziale Medien anbieten zu können und die Zugriffe auf unsere Website zu analysieren. Außerdem geben wir Informationen zu Ihrer Nutzung unserer Website an unsere Partner für soziale Medien, Werbung und Analysen weiter."
