phrase,source_en,translation
"{Click here} if you already have an account and just need to login.","{Click here} if you already have an account and just need to login.","{Click here} wenn Sie schon ein Konto bei uns haben und Sich anmelden möchten."
"A confirmation email has been sent on {ConfirmationEmail}","A confirmation email has been sent on {ConfirmationEmail}. Please go to your inbox now, open the email and click on activation link.","Eine Bestätigungs-Email wurde gesendet an {ConfirmationEmail}. Bitte überprüfen Sie Ihren Posteingang, öffnen diese Email und bestätigen den Aktivierungslink."
Active,Active,Aktiv
Administrator,Administrator,Administrator
"Allow send messages","Allow send messages","Erlaube das Senden von Nachrichten"
Blocked,Blocked,Geblockt
"Can send message","Can send message","Kann Nachrichten versenden"
"Change Password Form","Change Password Form","nderen Sie das Passwort Format"
"Confirmed Email","Confirmed Email","Bestätigte Email"
Congratulations!,Congratulations!,Gratulation!
"Create an account","Create an account","Erstellen Sie ein Nutzerkonto"
"Create User","Create User","Erstelle Nutzer"
"Creating a {InstalledUrl} account is fast, easy, and free","Creating a {InstalledUrl} account is fast, easy, and free","Erstellen eines {InstalledUrl} Kontos geht schnell, einfach und ist kostenlos"
"Delete user","Delete user","Lösche Nutzer"
Deleted,Deleted,Gelöscht
"Don't have an account yet? {Sign up now}!","Don't have an account yet? {Sign up now}!","Noch kein Konto? {Sign up now}!"
"Edit user data","Edit user data","Bearbeite Nutzerdaten"
Email,Email,Email
"Email confirmation","Email confirmation","Email Bestätigung"
Field,Field,Feld
"Forgot password instruction","You forgot your password? No big deal. Give us your email address and we will send you you a message with some simple instructions to reset it. You will have to click the link in the email we send in order to reset your password.","Sie haben Ihr Passwort vergessen? Kein Problem. Geben Sie uns Ihre Email-Adresse und wir senden Ihnen eine Nachricht, mit den nötigen Informationen das Passwort neu zu erstellen. Klicken Sie bitte einfach auf den Link in unserer Nachricht um Ihr Passwort zu zurück zu setzen."
"Forgot your password?","Forgot your password?","Passwort vergessen?"
"Go check your email and confirm RIGHT NOW","Go check your email and confirm RIGHT NOW","Schauen Sie jetzt in Ihr Email-Postfach (Keine da? Bitte Spamordner überprüfen)"
"I have read and accept the {Terms and Conditions}","I have read and accept the {Terms and Conditions}","Ich habe die {Terms and Conditions} gelesen und akzeptiere sie"
"Incorrect old password","Incorrect old password","Altes Passwort falsch"
"Invalid email or password","Invalid email or password","Falsche Email oder Passwort"
"Last login at","Last login at","Zuletzt angemeldet"
"Last login IP Address","Last login IP Address","Letzte angemeldete IP-Adresse"
"Login Form","Login Form",Anmeldeformular
"Manage Users","Manage Users","Nutzer verwalten"
"Modified at","Modified at","Bearbeitet am"
"Need an account?","Need an account?","Benötigen Sie ein Konto?"
"Old password","Old password","Altes Passwort"
"or wait, I remember!","or wait, I remember!","warte, ich erinnere mich!"
Password,Password,Passwort
"Password has been changed","Password has been changed","Passwort wurde geändert"
"Password recovery","Password recovery","Passwort Rückholung"
"Passwords do not match","Passwords do not match","Passwörter sind nicht gleich"
"Please Sign In","Please Sign In","Bitte anmelden"
"Profile Settings","Profile Settings",Profileinstellungen
Re-Password,Re-Password,"Passwort nochmal eingeben"
"Register Form","Register Form",Registrierungsformular
"Register new account","Register new account","Neues Konto registrieren"
"Registered at","Registered at","Registriert am"
"Registered IP","Registered IP","Registriert mit IP"
"Registration at {InstalledUrl}","Registration at {InstalledUrl}","Registriert über {InstalledUrl}"
"Remember me","Remember me","An mich erinnern"
"Reset password","Reset password","Passwort zurücksetzen"
Root,Root,Unterverzeichnis
"Set new password","Set new password","Passwort setzen"
"Sign in","Sign in",Anmelden
"Sign up","Sign up",Registrieren
"Sign up now","Sign up now","Jetzt registrieren"
"The password has been changed. Use new password to login","The password has been changed. Use new password to login","Das Passwort wurde geändert. Bitte neues Passwort zum Anmelden verwenden"
Unknown,Unknown,Unbekannt
User,User,Nutzer
"User has {CountOnSale} website(-s) on sale","User has {CountOnSale} website(-s) on sale","Nutzer hat {CountOnSale} Webseit/en zum Verkauf"
"User has been blocked or deleted","User has been blocked or deleted","Nutzer wurde blockiert oder gelöscht"
"User has been created","User has been created","Nutzer wurde erstellt"
"User has been deleted","User has been deleted","Nutzer wurde gelöscht"
"User Inbox","User inbox","Nutzer Posteingang"
"User info","User info","Nutzer Information"
"User role","User role",Nutzerrolle
"User status","User status","Nutzer Status"
Username,Username,Nutzername
Value,Value,Wert
"Verification code","Verification code","berprüfungs Code"
"We didn't find such email address","We didn't find such email address","Wir haben solche Email-Adressen nicht gefunden"
"We have sent you confirmation email. Please confirm it","We have sent you confirmation email. Please confirm it","Bestätigungsemail wurde versendet an Sie versendet. Bitte bestätigen Sie Ihre Anmeldung"
"You have been disconnected from the session","You have been disconnected from the session","Sie haben die Anmeldezeit überschritten und wurden automatisch vom System getrennt."
"You have successfully confirmed your email address.","You have successfully confirmed your email address.","Sie haben Ihre Email-Adresse erfolgreich bestätigt."
