phrase,source_en,translation
"{NumOfWebsites} total website price calculated","{NumOfWebsites} total website price calculated.","Kalkulierter Preis von insgesamt {NumOfWebsites} überprüften Webseiten."
"{Percent} of sites are faster","{Percent} of sites are faster","{Percent} von Webseiten sind schneller"
"{Percent} of sites are slower","{Percent} of sites are slower","{Percent} von Webseiten sind langsamer"
"{Seconds} Seconds","{Seconds} Seconds","{Seconds} Sekunden"
"{Website} worth is {Cost}","{Website} worth is {Cost}","{Website} Wert sind {Cost}"
"Add to catalog. Free","Add to catalog. Free","Kostenlos in den Webseitenkatalog eintragen"
"Alexa Rank","Alexa Rank","Alexa Rang"
"Alexa Stats","Alexa Stats","Alexa Übersicht"
"Antivirus Stats","Antivirus Stats","Antivirus Übersicht"
AVG,AVG,AVG
"Basic information","Basic information","Grundlegende Information"
"Bing Index","Bing Index","Bing Index"
Calculate,Calculate,Berechnen
"Catalog Stats","Catalog Stats","Katalog Übersicht"
City,City,Stadt
"Click count","Click count",Klick-Anzahl
Coins,Coins,Coins
"Comment count","Comment count",Kommentaranzahl
"Comment plugin count","Comment plugin count","Kommentare zählen im Plugin"
"Contact seller","Contact seller","Kontaktieren Sie den Verkäufer"
"Could not reach host: {Host}","Could not reach host: {Host}","Seite kann nicht erreicht werden: {Host}"
Country,Country,Land
"Daily Ads Revenue","Daily Ads Revenue","Tägliche Werbeeinnahmen"
"Daily Global Rank Trend","Daily Global Rank Trend","Täglich globaler Rang-Trend"
"Daily Pageviews","Daily Pageviews","Tägliche Seitenansichten"
"Daily Reach (Percent)","Daily Reach (Percent)","Tägliche Reichweite (Prozent)"
"Daily Unique Visitors","Daily Unique Visitors","Tägliche eindeutige Besucher"
Description,Description,Beschreibung
Dmoz,Dmoz,Dmoz
Domain,Domain,Domain
"Domain Authority","Domain Authority","Domain Authority"
"Domain Authority Description","Domain authority is a metric, developed by SEOMoz, to predict the ability of a website / domain to rank in search engines. Domain authority uses a 0 to 100 logarithmic scale. A high Domain authority score means your complete website / all the pages on your domain have the potential to rank well in search engine results.","Domain authority is a metric, developed by SEOMoz, to predict the ability of a website / domain to rank in search engines. Domain authority uses a 0 to 100 logarithmic scale. A high Domain authority score means your complete website / all the pages on your domain have the potential to rank well in search engine results."
"Domain name","Domain name","Domain Name"
"Estimate other website","Estimate other website","Schätzung einer weiteren Webseite"
"Estimate Price","Estimate Price","Geschätzter Preis"
"Estimated Daily Stats","Estimated Daily Stats","Geschätzte tägliche Statistik"
"Estimated Data Analytics","Estimated Data Analytics","Geschätzte tägliche Analyse"
"Estimated Monthly Stats","Estimated Monthly Stats","Geschätzte monatliche Statistik"
"Estimated website cost of any domain","Estimated website cost of any domain.","Geschätzter Webseitenwert aller Domains weltweit"
"Estimated worth","Estimated worth","Geschätzter Wert"
"Estimated Yearly Stats","Estimated Yearly Stats","Geschätzte jährliche Statistik"
"Explore more","Explore more","Mehr erfahren"
"Facebook Stats","Facebook Stats","Facebook Übersicht"
Failed,Failed,Fehlgeschlagen
"Get code","Get code","Code zum Einfügen"
"Get website review","Get website review","SEO Analyse Ihrer Webseite"
"Get widget","Get widget","Holen Sie sich das Widget"
"Get widget / Sale website","Get widget / Sale website","Holen Sie sich das Widget / Verkaufen Sie Ihre Webseite"
"Global Rank","Global Rank","Globaler Rang"
Google,Google,Google
"Google Backlinks","Google Backlinks","Google Backlinks"
"Google Index","Google Index","Google Index"
Gplus+,Gplus+,Gplus+
Grid,Grid,Raster
"Has Estimated Worth of","Has Estimated Worth of","Hat einen geschätzten Wert von"
"How much {Website} is worth?","How much {Website} is worth?","Welchen geschätzten Wert hat {Website}?"
"IP Address","IP Address","IP Adresse"
"Is On Sale","Is On Sale","Steht zum Verkauf"
Keywords,Keywords,Schlüsselwörter
Latitude,Latitude,Breitengrad
"Leave empty input","Leave empty input","Eingabe leer lassen"
"Like count","Like count","Gefällt mir - Anzahl"
Likes,Likes,"Gefällt mir"
LinkedIn,LinkedIn,LinkedIn
"Links in","Links in",Verlinkungen
List,List,Liste
"List of upcoming websites. Page {PageNr}","List of upcoming websites. Page {PageNr}","Liste der gerade abgefragten Webseiten. Seite {PageNr}"
"Load speed","Load speed",Ladegeschwindigkeit
"Local Rank","Local Rank","Hiesiger Rang"
"Location Stats","Location Stats",Herkunft
Longitude,Longitude,Längengrad
"Manage Websites","Manage Websites","Webseiten Verwalten"
McAfee,McAfee,McAfee
"Monthly Ads Revenue","Monthly Ads Revenue","Monatliche Werbeeinnahmen"
"Monthly page view","Monthly page view","Monatliche Seitenaufruf"
"Monthly Pageviews","Monthly Pageviews","Monatliche Seitenansichten"
"Monthly revenue","Monthly revenue","Monatliche Einnahmen"
"Monthly Unique Visitors","Monthly Unique Visitors","Monatliche eindeutige Besucher"
"More actions","More actions","Weitere Möglichkeiten"
"MOZ Links","MOZ Links","MOZ Links"
"MOZ Links Description","The number of links in MOZ to the URL","The number of links in MOZ to the URL"
Norton,Norton,Norton
Notes,Notes,"Zusätzliche Informationen"
"Number of websites","Number of websites","Anzahl der Webseiten"
"Page Authority","Page Authority","Page Authority"
"Page Authority Description","Page authority is a metric, developed by SEOMoz, to predict the ability for a specific page to rank in search engines. Page authority uses a 0 to 100 logarithmic scale. A high Page authority score means your page has the potential to rank well in search engine results.","Page authority is a metric, developed by SEOMoz, to predict the ability for a specific page to rank in search engines. Page authority uses a 0 to 100 logarithmic scale. A high Page authority score means your page has the potential to rank well in search engine results."
"Page Rank",PageRank,PageRank
Pins,Pins,Pins
"Re-Calculate estimate price","Re-Calculate estimate price","Neukalkulation des geschätzten Preises"
"Reaction count","Reaction count",Reaktionszahl
Region,Region,Region
"Related Keywords","Related Keywords","Verwandte Schlüsselwörter"
"Remove website","Remove website","Webseite entfernen"
"Remove website from sale","Remove website from sale","Webseite vom Verkauf zurückziehen"
"Review average","Review average","Durchschnittliche Bewertung"
"Review count","Review count","Anzahl der Bewertungen"
"Sale Website","Sale Website","Webseite jetzt verkaufen"
"Sales Information","Sales Information",Verkaufsinformation
"Search Engine Stats","Search Engine Stats","Suchmaschinen Übersicht"
"Search Traffic","Search Traffic","Suchen Verkehr"
"Seller has blocked you","Seller has blocked you","Der Verkäufer hat Sie blockiert"
"Selling price","Selling price",Verkaufspreis
"Share count","Share count","Wir oft geteilt?"
"Show Your Visitors Your Website Value","Show Your Visitors Your Website Value","Ziegen Sie Ihren Seitenbesuchern den Wert Ihrer Webseite"
"Similar Websites","Similar Websites","Ähnliche Websites"
"Site Price calculated at: {Time}","Site Price calculated at: {Time}","Seiten Preis wurde kalkuliert am: {Time}"
"Social Stats","Social Stats","Sozial Media übersicht"
Stumbleupon,Stumbleupon,Stumbleupon
Success,Success,Erfolgreich
"The website's estimated price has been recalculated. {Click here} to see a result","The website's estimated price has been recalculated. {Click here} to see a result","Der geschätzte Wert der Webseite wurde neu kalkluiert. {Click here} to see a result"
"This website is on sale","This website is on sale","Dies Webseite steht zum Verkauf"
Title,Title,Titel
"TOP by Cost","TOP by Cost","TOP im Kostenbereich"
"TOP by Countries","TOP by Countries","TOP Länder"
"TOP by PageRank","TOP by PageRank","TOP PageRank"
"Top websites by countries. Diagram. Page {PageNr}","Top websites by countries. Diagram. Page {PageNr}","Top Webseiten nach Ländern. Diagramm. Seite {PageNr}"
"Top websites by PageRank. Diagram","Top websites by PageRank. Diagram","Top Webseiten nach PageRank. Diagramm"
"Top websites by price. Page {PageNr}","Top websites by cost. Page {PageNr}","Top Webseiten nach Kosten. Seite {PageNr}"
"Top websites having {PageRank} PageRank. Page {PageNr}","Top websites having {PageRank} PageRank. Page {PageNr}","Top Webseiten welche einen {PageRank} PageRank haben. Seite {PageNr}"
"Top websites in {Country}. Page {PageNr}","Top websites in {Country}. Page {PageNr}","Top Webseiten in {Country}. Seite {PageNr}"
"Total count","Total count",Gesamtsumme
Twitter,Twitter,Twitter
"Unique monthly visitors","Unique monthly visitors","Eindeutige monatliche Besucher"
"View website info","View website info","Webseiteninformation anzeigen"
"Webmaster info","Webmaster info","Webmaster Information"
Website,Website,Webseite
"Website {Website} has been removed from sale","Website {Website} has been removed from sale","Webseite {Website} wurde vom Verkauf entfernt"
"Website cost","Website cost",Webseitenkosten
"website description","{Website} worth is {Cost}","{Website} Wert sind {Cost}"
"Website has been deleted","Website has been deleted","Webseite wurde gelöscht"
"website keywords","{Website} price, {Website} worth, {Website} estimate price, {Website} estimate cost, {Website} estimate worth","{Website} Preis, {Website} Wert, {Website} geschätzter Preis, {Website} geschätzte Kosten, {Website} geschätzter Wert"
"Website owner? {Sale Website}!","Website owner? {Sale Website}!","Webseitenbesitzer? {Sale Website}!"
WHOIS,WHOIS,WHOIS
Yahoo,Yahoo,Yahoo
"Yahoo Index","Yahoo Index","Yahoo Index"
"Yearly Ads Revenue","Yearly Ads Revenue","Jährliche Werbeeinnahmen"
"Yearly Pageviews","Yearly Pageviews","Jährliche Seitenansichten"
"Yearly Unique Visitors","Yearly Unique Visitors","Jährliche eindeutige Besucher"
"You have blocked this user. {Click here} to unblock","You have blocked this user. {Click here} to unblock","Sie haben diesen Nutzer geblockt. {Click here} um dies rückgängig zu machen."
"You should login to contact seller","You should login to contact seller","Sie müssen sich anmelden um den Verkäufer zu kontaktieren"
